sample_name,R_vfs,R_n,R_intph0,R_intph1,R_area_m,R_area_v,R_comp_m,R_comp_v,R_eccen_m,R_eccen_v,R_els_m,R_els_v,P_locvf_m,P_locvf_v,P_nbd_m,P_nbd_v,P_ncd_m,P_ncd_v,P_ornang_m,P_ornang_v,P_pores_m,P_pores_v,P_rc_m,P_rc_v,P_rctan_m,P_rctan_v,P_rnds_m,P_rnds_v,P_ttst_m,P_ttst_v
sample10-195rpm-60kx-10,2.806005e-03,7,4.308279e-04,4.161573e-04,1.538214e+03,1306440,1.655171e-01,1.133270e-03,7.945449e-01,2.671249e-02,5.925864e-01,5.681216e-02,2.623768e-03,2.125924e-06,2.676843e+02,1.436247e+05,3.023663e+02,1.491613e+05,-5.315113e-01,1.130630e+00,1.171254e+01,1.822233e+01,2.053568e+01,7.923372e+01,6.931913e-01,8.185379e-03,6.994305e-01,1.068043e-01,3.578032e-01,2.845458e-03
sample10-195rpm-60kx-11,1.143088e-02,19,1.417184e-03,1.411805e-03,2.308619e+03,16562040,1.471780e-01,9.305937e-04,7.517542e-01,1.200218e-02,6.559186e-01,1.624310e-02,1.213494e-02,1.798727e-04,1.630365e+02,1.393098e+04,2.150251e+02,1.488797e+04,-1.646390e-01,1.093824e+00,1.345554e+01,6.597403e+01,2.244612e+01,2.438628e+02,6.678232e-01,1.036449e-02,6.846017e-01,2.872495e-02,2.966658e-01,3.117543e-03
sample10-195rpm-60kx-2,5.962639e-03,22,1.154580e-03,1.111057e-03,1.040021e+03,1714749,1.455598e-01,6.579091e-04,8.187393e-01,1.405505e-02,5.665832e-01,2.767716e-02,9.962188e-03,9.091183e-05,1.253155e+02,3.418347e+04,1.646613e+02,3.378365e+04,-1.509605e-01,1.478954e+00,8.365845e+00,1.344682e+01,1.596404e+01,7.982696e+01,6.553576e-01,9.250549e-03,5.929757e-01,5.514037e-02,3.336307e-01,2.198328e-03
sample10-195rpm-60kx-3,6.538217e-04,6,2.068561e-04,1.970757e-04,4.181522e+02,7.226422e+04,1.582758e-01,2.173232e-03,7.694733e-01,3.431726e-02,6.263262e-01,4.295311e-02,3.033419e-03,3.575237e-05,3.048513e+02,109610,3.382351e+02,1.071495e+05,1.920491e-01,2.265140e-01,6.213725e+00,3.583098e+00,1.107989e+01,1.240562e+01,6.472387e-01,7.577469e-03,5.731141e-01,7.754475e-02,3.550749e-01,1.024449e-03
sample10-195rpm-60kx-4,1.272434e-03,11,3.863270e-04,3.716563e-04,4.438834e+02,9.400256e+04,1.500718e-01,3.912930e-04,8.449117e-01,7.913384e-03,5.586788e-01,1.523506e-02,1.170827e-02,6.646150e-04,2.953759e+02,1.146935e+05,3.206522e+02,1.152438e+05,-1.150237e-01,5.180580e-01,6.175958e+00,4.956415e+00,1.137092e+01,1.319400e+01,6.472839e-01,6.249838e-03,4.670394e-01,1.758477e-02,3.757282e-01,3.179836e-03
sample10-195rpm-60kx-5,9.480659e-03,11,1.023522e-03,1.050907e-03,3.307289e+03,6449904,1.580829e-01,1.592780e-03,7.187025e-01,2.451290e-02,7.201926e-01,1.647091e-02,1.303112e-02,2.005103e-04,2.195281e+02,2.183803e+04,2.891340e+02,1.871264e+04,1.065166e-01,9.010980e-01,1.910200e+01,4.955364e+01,3.049206e+01,1.352750e+02,6.547359e-01,1.503874e-02,7.164995e-01,3.752413e-02,3.121473e-01,5.476232e-03
sample10-195rpm-60kx-6,2.074233e-02,5,1.183432e-03,1.180009e-03,1.591893e+04,175258800,1.230989e-01,4.832360e-04,8.723361e-01,2.633383e-02,4.951192e-01,6.362562e-02,2.678405e-02,1.045658e-03,6.477763e+02,1.398354e+05,8.082280e+02,1.914367e+05,-6.442717e-01,4.635343e-01,3.355957e+01,2.139802e+02,6.457666e+01,1.121261e+03,5.841563e-01,2.182178e-02,4.025336e-01,2.743614e-02,3.383288e-01,4.294027e-03
sample10-195rpm-60kx-7,1.200743e-02,47,2.042643e-03,1.954130e-03,9.803444e+02,696559,1.793980e-01,7.348703e-04,7.376152e-01,3.667335e-02,6.369113e-01,4.434873e-02,1.754355e-02,2.505550e-04,1.007975e+02,9.602475e+03,1.411266e+02,9.825151e+03,3.279585e-02,1.133150e+00,1.033027e+01,1.327630e+01,1.628347e+01,4.792137e+01,26133070000000,3.209806e+28,7.104283e-01,6.144006e-02,3.764263e-01,8.635847e-03
sample10-195rpm-60kx-9,4.440804e-03,8,5.530833e-04,5.408577e-04,2.130090e+03,1708818,1.686940e-01,5.324334e-04,8.479930e-01,3.707827e-03,5.715641e-01,1.361062e-02,5.106168e-03,7.811795e-06,1.564438e+02,3.828181e+04,2.259936e+02,4.130155e+04,-5.385894e-01,1.309412e+00,1.471888e+01,1.779935e+01,2.488319e+01,6.726339e+01,6.670513e-01,5.706754e-03,6.293127e-01,3.935087e-02,3.557358e-01,2.990832e-03
sample10-20rpm-60kx-1,5.824735e-03,60,1.821116e-03,1.703751e-03,3.725214e+02,4.529876e+04,1.636623e-01,7.491545e-04,7.495909e-01,1.931513e-02,6.765281e-01,2.086365e-02,1.459488e-02,5.064432e-04,9.256857e+01,6.288925e+03,1.172283e+02,6.247759e+03,-1.027249e-01,7.817568e-01,6.184680e+00,3.370938e+00,1.055964e+01,7.191182e+00,6.931954e-01,1.084403e-02,6.584393e-01,4.633373e-02,3.527378e-01,1.751045e-03
sample10-20rpm-60kx-11,1.228618e-02,79,3.465206e-03,3.381094e-03,5.967824e+02,2.537708e+05,1.404887e-01,8.904285e-04,7.692311e-01,1.798040e-02,6.697024e-01,1.921067e-02,1.944671e-02,6.094005e-04,6.446534e+01,2.597096e+03,9.457629e+01,2.713359e+03,-3.675481e-02,9.582498e-01,7.125938e+00,8.594729e+00,1.288605e+01,2.421800e+01,6.301798e-01,1.126557e-02,6.320891e-01,4.975828e-02,3.046855e-01,2.343445e-03
sample10-20rpm-60kx-12,9.776517e-03,53,2.162942e-03,2.072962e-03,7.078393e+02,3.003618e+05,1.681987e-01,1.046761e-03,7.434884e-01,2.950352e-02,6.670534e-01,2.617694e-02,2.581634e-02,7.551753e-04,6.063813e+01,1.226585e+04,9.295907e+01,1.244954e+04,2.022289e-01,7.488754e-01,8.410970e+00,5.337835e+00,1.416185e+01,2.523039e+01,6.887852e-01,1.428172e-02,6.671594e-01,7.198327e-02,3.598800e-01,2.713457e-03
sample10-20rpm-60kx-13,2.420558e-02,25,2.350726e-03,2.404030e-03,3.715369e+03,121952000,1.675155e-01,1.685127e-03,7.821422e-01,3.077613e-02,6.077542e-01,3.626139e-02,4.900069e-02,6.415890e-03,1.179958e+02,1.419010e+04,1.951213e+02,1.217111e+04,2.428496e-01,6.434800e-01,1.216533e+01,5.735772e+01,2.364609e+01,6.494801e+02,6.693743e-01,2.375464e-02,6.646493e-01,2.341443e-01,3.748003e-01,3.533338e-03
sample10-20rpm-60kx-2,8.280111e-03,18,1.255318e-03,1.250917e-03,1.765184e+03,8244209,1.435181e-01,9.835851e-04,7.654973e-01,5.699841e-02,6.058379e-01,5.220801e-02,3.207209e-02,3.691589e-03,4.904273e+01,1.338105e+04,9.195257e+01,1.361740e+04,-3.324633e-01,2.439847e-01,1.042488e+01,2.346063e+01,1.955256e+01,1.901361e+02,6.221519e-01,1.186606e-02,4.713256e-01,4.521118e-02,3.635860e-01,2.387531e-03
sample10-20rpm-60kx-3,4.631033e-03,54,1.431366e-03,1.325248e-03,3.290868e+02,2.270820e+04,1.757422e-01,6.702035e-04,7.344309e-01,2.748803e-02,6.778604e-01,2.421024e-02,9.317036e-03,1.418584e-04,6.858012e+01,6.353662e+03,9.154279e+01,6.283907e+03,-1.939354e-02,1.186695e+00,6.156351e+00,2.596971e+00,1.000897e+01,4.658295e+00,7.276264e-01,1.263110e-02,7.497359e-01,5.296461e-02,3.571186e-01,2.338876e-03
sample10-20rpm-60kx-4,5.212480e-03,54,1.499829e-03,1.401047e-03,3.704051e+02,7.570392e+04,1.801434e-01,6.598165e-04,7.342497e-01,2.858530e-02,6.682086e-01,2.599763e-02,1.845743e-02,1.188453e-03,9.887287e+01,1.398051e+04,1.225589e+02,1.411874e+04,-2.532545e-01,9.916543e-01,6.477479e+00,3.703445e+00,1.040845e+01,9.748382e+00,7.287393e-01,9.422368e-03,7.233204e-01,6.246052e-02,3.701982e-01,2.381393e-03
sample10-20rpm-60kx-5,8.024842e-04,7,2.019659e-04,1.863172e-04,4.399110e+02,1.392373e+05,1.868788e-01,8.582710e-04,6.830519e-01,3.362124e-02,7.011232e-01,2.309608e-02,1.121942e-03,2.010636e-06,2.667519e+02,1.741986e+05,2.944770e+02,1.742718e+05,-2.259600e-01,9.033260e-01,7.716459e+00,5.906047e+00,1.123500e+01,1.610329e+01,7.477001e-01,1.400151e-02,7.801319e-01,1.137946e-01,3.797066e-01,1.019447e-03
sample10-20rpm-60kx-7,6.717688e-03,44,1.439679e-03,1.366326e-03,5.858595e+02,1908375,1.663129e-01,5.776178e-04,7.742014e-01,3.197637e-02,6.126812e-01,3.152518e-02,1.453732e-02,9.863843e-04,8.199114e+01,5.592148e+03,1.121041e+02,5.109522e+03,4.869481e-01,9.015698e-01,6.938613e+00,1.877094e+01,1.167327e+01,5.138757e+01,7.096179e-01,9.176678e-03,6.725628e-01,5.483458e-02,3.560851e-01,1.784424e-03
sample10-20rpm-60kx-9,1.376693e-02,77,3.431464e-03,3.332681e-03,6.860769e+02,452184,1.456908e-01,1.117995e-03,7.983590e-01,1.920566e-02,6.254867e-01,1.979858e-02,2.573543e-02,1.196939e-03,7.872546e+01,4.540869e+03,1.117573e+02,4.476550e+03,-3.598168e-01,9.465275e-01,7.629155e+00,1.033811e+01,1.366987e+01,3.193442e+01,6.413557e-01,1.183918e-02,6.169769e-01,4.489993e-02,3.231677e-01,4.102951e-03
sample11-100rpm-60kx-1,7.930950e-03,8,9.702186e-04,9.809771e-04,3.804185e+03,20020550,1.330989e-01,1.380254e-03,7.607695e-01,1.528914e-02,6.872387e-01,2.529836e-02,2.763892e-02,2.880737e-03,1.960867e+02,9.607723e+04,2.680122e+02,1.116611e+05,-1.093845e-01,6.875507e-01,1.595006e+01,9.018652e+01,2.951258e+01,3.884767e+02,6.022583e-01,1.422969e-02,5.895249e-01,2.179400e-02,2.979396e-01,8.602275e-03
sample11-100rpm-60kx-10,5.474595e-03,6,6.102988e-04,6.034525e-04,3.501282e+03,23262150,1.589536e-01,2.464506e-03,7.023095e-01,5.212081e-02,6.896289e-01,4.819895e-02,4.743713e-03,4.029921e-05,4.241763e+02,2.765630e+04,4.879101e+02,2.141266e+04,5.548187e-01,7.148742e-01,1.433628e+01,8.588555e+01,2.701993e+01,4.612993e+02,7.150166e-01,1.531500e-02,6.868925e-01,8.715001e-02,3.351418e-01,6.669687e-03
sample11-100rpm-60kx-11,7.496699e-04,6,2.107683e-04,1.995208e-04,4.794521e+02,6.104287e+04,1.652673e-01,1.077611e-03,7.101730e-01,7.991585e-02,6.963372e-01,4.392925e-02,1.558303e-03,3.908530e-06,1.454143e+02,8.703020e+04,1.725932e+02,8.640105e+04,-6.946555e-01,1.161448e+00,7.431189e+00,1.287814e+00,1.203781e+01,9.246653e+00,6.277963e-01,1.418464e-02,6.938524e-01,7.744786e-02,3.440774e-01,2.842342e-03
sample11-100rpm-60kx-13,1.075456e-02,18,1.251406e-03,1.226955e-03,2.292696e+03,14344390,1.674107e-01,1.770347e-03,7.670580e-01,3.867499e-02,6.408918e-01,3.954540e-02,8.356191e-02,2.398777e-02,8.980771e+01,3.915665e+04,1.365676e+02,4.020316e+04,-2.809044e-02,8.429113e-01,1.224654e+01,9.850470e+01,2.128694e+01,2.929279e+02,6.851929e-01,2.787375e-02,5.852212e-01,7.662223e-02,3.757357e-01,2.220344e-03
sample11-100rpm-60kx-16,3.122402e-03,4,4.567461e-04,4.508778e-04,2.995403e+03,18724070,1.570962e-01,3.863440e-03,7.914036e-01,4.185624e-02,5.849161e-01,3.885516e-02,7.242255e-03,1.125173e-04,4.070268e+02,6.329837e+05,5.097263e+02,5.737107e+05,-8.025230e-01,2.714162e-01,1.149190e+01,1.281845e+01,2.577241e+01,3.856653e+02,6.641523e-01,5.859550e-02,7.406318e-01,3.204520e-01,3.226108e-01,5.562844e-03
sample11-100rpm-60kx-17,2.544379e-03,7,4.352291e-04,4.230036e-04,1.394794e+03,1869964,1.667920e-01,1.989529e-03,8.157056e-01,2.905995e-02,5.693574e-01,3.111740e-02,6.237072e-03,1.145424e-04,1.438206e+02,2.661759e+04,1.770934e+02,2.892891e+04,6.561533e-01,2.091135e-01,1.035181e+01,1.071528e+01,1.916380e+01,8.951289e+01,6.826588e-01,2.140081e-02,6.601955e-01,1.270771e-01,3.667686e-01,5.352220e-03
sample11-100rpm-60kx-18,6.875642e-03,9,8.548095e-04,8.386718e-04,2.931549e+03,11151090,1.437436e-01,1.048639e-03,8.774059e-01,9.246949e-03,5.061949e-01,1.837186e-02,1.624425e-02,3.879676e-04,1.152269e+02,5.595281e+04,1.590845e+02,6.387683e+04,7.125425e-01,2.303111e-01,1.396376e+01,6.211876e+01,2.623122e+01,2.756967e+02,6.218291e-01,1.151287e-02,4.726376e-01,4.249880e-02,3.632173e-01,2.259846e-03
sample11-100rpm-60kx-2,4.962101e-03,5,7.056580e-04,7.252188e-04,3.808219e+03,9528781,1.199462e-01,1.668664e-03,8.122545e-01,2.423067e-02,5.514310e-01,5.617684e-02,6.998810e-03,4.539446e-05,4.836083e+02,2.374192e+05,5.827307e+02,2.337854e+05,4.708306e-02,1.283578e-01,1.503172e+01,1.017778e+02,3.119632e+01,2.987290e+02,5.659292e-01,1.493194e-02,3.702991e-01,2.630614e-02,3.362868e-01,1.385388e-02
sample11-100rpm-60kx-21,1.413810e-02,15,1.537483e-03,1.524769e-03,3.616814e+03,113896000,1.685667e-01,1.845912e-03,8.142564e-01,3.167791e-02,5.440476e-01,5.602458e-02,8.724955e-02,1.651275e-02,3.912078e+01,2.159272e+03,9.832372e+01,6.691052e+03,-1.125161e-01,8.046214e-01,9.037101e+00,3.004816e+01,2.120520e+01,7.517218e+02,7.155176e-01,1.403649e-02,5.387440e-01,8.472315e-02,4.133844e-01,2.504130e-03
sample11-100rpm-60kx-25,1.293902e-02,20,1.394200e-03,1.392733e-03,2.482548e+03,23418190,1.702908e-01,1.606818e-03,7.688275e-01,4.701710e-02,6.097728e-01,4.682707e-02,1.858856e-02,4.298242e-04,9.818309e+01,1.871436e+04,1.461927e+02,2.115010e+04,4.750221e-01,5.816005e-01,1.133193e+01,7.756749e+01,2.058959e+01,3.855666e+02,6.805150e-01,2.042607e-02,6.464867e-01,1.112421e-01,3.731598e-01,3.976470e-03
sample11-100rpm-60kx-27,1.276835e-03,8,2.816764e-04,2.660277e-04,6.124507e+02,8.587347e+04,1.838201e-01,1.204502e-03,7.046499e-01,3.283039e-02,7.071512e-01,2.552739e-02,2.699878e-03,1.045455e-05,1.379508e+02,7.818072e+04,1.668770e+02,7.651822e+04,-8.379081e-01,3.155204e-01,8.839652e+00,4.524010e+00,1.355646e+01,1.276752e+01,7.129627e-01,2.373803e-02,7.521799e-01,7.594265e-02,3.684757e-01,5.616579e-04
sample11-100rpm-60kx-3,1.393173e-02,7,9.012666e-04,9.487016e-04,7.637187e+03,255903000,1.503476e-01,1.790707e-03,7.677600e-01,1.448300e-02,6.466618e-01,3.552616e-02,1.730750e-02,1.002930e-03,1.953523e+02,7.213311e+04,2.823622e+02,56226,-1.920338e-01,8.004712e-01,1.874667e+01,4.069034e+02,3.365906e+01,1.514403e+03,7.109750e-01,1.060057e-02,6.121617e-01,4.156829e-02,3.380358e-01,8.669216e-03
sample11-100rpm-60kx-31,3.168859e-03,16,6.156780e-04,6.029635e-04,7.599925e+02,2.938806e+05,1.793343e-01,8.006299e-04,7.884872e-01,2.053495e-02,6.161024e-01,2.432723e-02,6.207072e-03,3.551227e-05,2.351626e+02,7.900227e+04,2.678711e+02,7.959021e+04,-2.789188e-01,6.817071e-01,8.857247e+00,5.891892e+00,1.469557e+01,2.768362e+01,7.243913e-01,1.163545e-02,6.355110e-01,7.438307e-02,3.830631e-01,1.689828e-03
sample11-100rpm-60kx-33,2.701844e-03,9,4.714167e-04,4.543009e-04,1.151978e+03,2787670,1.696300e-01,1.531927e-03,8.204254e-01,3.272747e-02,5.201925e-01,5.009947e-02,3.246910e-03,1.482327e-05,2.696346e+02,4.993313e+04,3.331622e+02,5.014616e+04,-1.754283e-01,7.513552e-02,8.879322e+00,1.943707e+01,1.630326e+01,1.135006e+02,7.458170e-01,1.269836e-02,4.931948e-01,6.436981e-02,4.229242e-01,1.703479e-03
sample11-100rpm-60kx-4,5.523497e-03,11,7.325542e-04,7.237518e-04,1.926850e+03,8081110,1.569777e-01,8.771583e-04,8.474277e-01,1.880618e-02,5.601410e-01,2.530501e-02,6.798124e-03,3.040469e-05,1.983040e+02,3.043459e+04,2.507754e+02,3.965519e+04,5.028740e-01,1.232795e-01,1.178176e+01,5.391445e+01,2.090191e+01,1.940900e+02,6.508578e-01,1.040368e-02,4.843084e-01,5.866819e-02,3.909841e-01,3.852190e-03
sample11-100rpm-60kx-5,5.868258e-04,3,1.110079e-04,1.051396e-04,7.506099e+02,1.126443e+05,1.887613e-01,1.403098e-04,7.853758e-01,1.660458e-03,6.737631e-01,1.455428e-03,5.988913e-04,2.392501e-08,1.202088e+03,5.016594e+04,1.233688e+03,5.431729e+04,-2.122407e-01,2.077034e+00,9.952947e+00,9.036324e+00,1.518900e+01,1.233109e+01,7.717227e-01,1.754753e-02,8.210131e-01,9.748292e-03,3.427555e-01,2.204868e-03
sample11-100rpm-60kx-6,8.481588e-03,18,1.266077e-03,1.239180e-03,1.808136e+03,4407273,1.540936e-01,1.380079e-03,8.023102e-01,2.972587e-02,5.998191e-01,4.583899e-02,1.897903e-02,9.943941e-04,1.352396e+02,4.148620e+04,1.851132e+02,4.197074e+04,2.990581e-01,3.834493e-01,1.134458e+01,2.985761e+01,2.087221e+01,1.481278e+02,6.481592e-01,1.102332e-02,5.466685e-01,7.313995e-02,3.640954e-01,2.071565e-03
sample11-100rpm-60kx-8,6.498606e-03,5,4.826642e-04,4.934227e-04,4.987427e+03,99963980,1.518796e-01,1.078830e-03,8.448517e-01,8.809700e-03,5.494246e-01,3.552539e-02,7.573165e-03,1.772493e-04,2.762225e+02,5.713393e+04,3.310159e+02,5.306154e+04,1.928712e-01,1.037382e+00,1.360609e+01,2.325635e+02,2.702393e+01,1.071568e+03,7.011594e-01,1.136613e-02,5.895274e-01,2.795056e-02,3.353299e-01,3.561334e-03
sample11-195rpm-60kx-1,9.014622e-03,15,1.169739e-03,1.169739e-03,2.306124e+03,9020861,1.545495e-01,1.146343e-03,7.616008e-01,3.138359e-02,6.444831e-01,3.549512e-02,2.077856e-02,9.206607e-04,2.254698e+02,2.521611e+04,2.802540e+02,2.794494e+04,2.241753e-01,1.557309e-01,1.330746e+01,3.289849e+01,2.397687e+01,1.705412e+02,6.519615e-01,1.000869e-02,5.354630e-01,4.054445e-02,3.550868e-01,2.421957e-03
sample11-195rpm-60kx-11,7.811629e-03,8,8.616558e-04,9.599491e-04,3.746951e+03,16068550,1.488772e-01,2.366755e-03,7.569050e-01,1.724766e-02,6.637132e-01,2.046361e-02,3.086866e-02,3.131656e-03,1.188083e+02,8.406164e+04,1.662113e+02,9.372483e+04,7.490094e-01,3.094214e-01,1.513973e+01,1.165657e+02,2.875363e+01,4.181945e+02,6.105592e-01,2.128502e-02,5.721573e-01,4.980037e-02,3.258724e-01,5.638650e-03
sample11-195rpm-60kx-12,5.036432e-02,72,6.668297e-03,6.888356e-03,2.684212e+03,46008760,1.298748e-01,1.723058e-03,8.019900e-01,1.511848e-02,6.206139e-01,2.466927e-02,5.795150e-02,5.440271e-03,7.573927e+01,6.108478e+03,1.258992e+02,6.412920e+03,-6.210124e-02,7.019069e-01,1.029453e+01,9.146807e+01,2.070290e+01,4.317983e+02,5.994695e-01,1.618174e-02,5.260121e-01,4.304274e-02,3.040130e-01,4.970504e-03
sample11-195rpm-60kx-13,2.529415e-02,67,4.394836e-03,4.500465e-03,1.448677e+03,6585838,1.323730e-01,1.056129e-03,8.088217e-01,1.678054e-02,6.245571e-01,2.201660e-02,4.283723e-02,2.801420e-03,6.530681e+01,6.815989e+03,1.061727e+02,6.503995e+03,1.165245e-01,7.521101e-01,8.713768e+00,3.630739e+01,1.733091e+01,1.632038e+02,5.980206e-01,1.386931e-02,5.459478e-01,4.552412e-02,3.130929e-01,6.043387e-03
sample11-195rpm-60kx-14,1.546286e-02,11,1.110568e-03,1.171695e-03,5.394155e+03,60992380,1.559670e-01,5.605909e-04,7.607337e-01,1.830757e-02,7.004204e-01,1.528579e-02,2.451349e-02,1.730197e-03,2.739852e+02,9.514105e+04,3.510875e+02,8.710648e+04,1.898053e-01,8.635695e-01,2.077652e+01,1.748226e+02,3.403889e+01,6.142036e+02,6.548777e-01,4.437557e-03,6.517727e-01,3.769911e-02,3.212907e-01,2.287112e-03
sample11-195rpm-60kx-19,1.236393e-02,11,1.268033e-03,1.304709e-03,4.313107e+03,65161620,1.472052e-01,1.947896e-03,7.917109e-01,1.793003e-02,6.484457e-01,1.928599e-02,3.991429e-02,2.878992e-03,1.145801e+02,3.341104e+04,1.617353e+02,3.220076e+04,-1.766746e-01,7.741258e-01,1.463322e+01,1.733505e+02,2.807571e+01,6.431248e+02,6.329918e-01,2.241816e-02,6.141205e-01,6.495707e-02,3.164489e-01,7.234184e-03
sample11-195rpm-60kx-22,5.944056e-03,11,9.154482e-04,9.193604e-04,2.073560e+03,2331022,1.461332e-01,1.266655e-03,7.687029e-01,1.610663e-02,6.684933e-01,2.044045e-02,8.251716e-02,4.447663e-02,1.662056e+02,6.658175e+04,2.181335e+02,6.613615e+04,2.765221e-01,5.341242e-01,1.243836e+01,1.596719e+01,2.389670e+01,9.788067e+01,6.068659e-01,8.990941e-03,5.298364e-01,1.537127e-02,3.310572e-01,4.833175e-03
sample11-195rpm-60kx-24,1.484425e-02,75,3.460805e-03,3.394787e-03,7.594921e+02,1624100,1.404642e-01,8.962577e-04,7.632896e-01,2.797203e-02,6.458637e-01,3.360673e-02,2.356960e-02,1.739331e-03,7.654750e+01,4.560429e+03,1.073279e+02,4.679879e+03,9.706316e-02,5.751873e-01,7.049287e+00,1.653160e+01,1.326333e+01,6.672755e+01,6.315412e-01,1.148371e-02,5.613028e-01,4.973444e-02,3.289317e-01,3.377522e-03
sample11-195rpm-60kx-25,1.056775e-03,6,2.753191e-04,2.562472e-04,6.758616e+02,2.285204e+05,1.490143e-01,1.160505e-03,8.310512e-01,2.551452e-02,5.526085e-01,3.942031e-02,1.534347e-03,1.320579e-06,3.223574e+02,1.925699e+05,3.574001e+02,1.946065e+05,5.611072e-01,3.375710e-01,7.356134e+00,5.622086e+00,1.381439e+01,2.915517e+01,6.629633e-01,1.450640e-02,4.776996e-01,5.246877e-02,3.883184e-01,2.765624e-03
sample11-195rpm-60kx-26,2.809917e-03,7,4.699496e-04,4.587021e-04,1.540359e+03,2016500,1.583286e-01,1.406646e-03,8.527529e-01,7.560226e-03,5.718068e-01,1.127595e-02,3.003413e-03,3.846058e-06,1.437372e+02,5.591655e+04,1.888289e+02,6.452690e+04,5.361855e-01,3.671216e-01,1.179241e+01,2.666581e+01,2.013602e+01,9.899407e+01,6.701425e-01,1.114633e-02,5.613745e-01,6.481744e-02,3.575965e-01,1.785398e-03
sample11-195rpm-60kx-31,2.162306e-02,14,1.748252e-03,1.818182e-03,5.926735e+03,101229800,1.493216e-01,1.604118e-03,8.101079e-01,1.946801e-02,5.968637e-01,2.787059e-02,4.715074e-02,4.163400e-03,1.187655e+02,3.303109e+04,1.892404e+02,3.840720e+04,3.846643e-01,3.362933e-01,1.756818e+01,2.593003e+02,3.164621e+01,9.531371e+02,6.775755e-01,8.216343e-03,5.371250e-01,2.959879e-02,3.436470e-01,8.368655e-03
sample11-195rpm-60kx-4,2.679838e-03,13,5.975842e-04,5.746002e-04,7.910273e+02,3.357389e+05,1.576258e-01,1.075883e-03,7.877737e-01,3.240403e-02,6.164864e-01,3.585944e-02,5.583875e-03,2.072559e-05,1.574070e+02,5.551551e+04,1.911677e+02,5.775020e+04,-3.170742e-01,5.124348e-01,8.106079e+00,7.942570e+00,1.487672e+01,3.301465e+01,6.615900e-01,1.830907e-02,5.335684e-01,4.504472e-02,3.721928e-01,1.413711e-03
sample11-195rpm-60kx-6,2.487163e-03,11,4.851093e-04,4.679935e-04,8.676368e+02,3.544658e+05,1.756052e-01,8.993189e-04,7.258521e-01,4.565856e-02,6.927678e-01,3.373626e-02,3.312774e-03,1.177126e-05,2.311808e+02,2.031926e+04,2.668211e+02,2.121817e+04,-7.369329e-02,1.031840e+00,9.751135e+00,6.872463e+00,1.581404e+01,2.870274e+01,7.034160e-01,1.124562e-02,6.478242e-01,5.525113e-02,3.648237e-01,1.662085e-03
sample11-195rpm-60kx-7,4.431024e-03,9,5.995403e-04,6.279036e-04,1.889243e+03,1682505,1.652571e-01,1.420767e-03,7.686888e-01,2.380296e-02,6.612620e-01,2.689956e-02,5.243714e-03,1.903081e-05,2.946439e+02,7.241095e+04,3.445496e+02,7.251777e+04,-3.932389e-02,8.948300e-01,1.374703e+01,2.172772e+01,2.307545e+01,7.749943e+01,6.395924e-01,1.442513e-02,5.890459e-01,2.637510e-02,3.537127e-01,5.494413e-03
sample11-195rpm-60kx-8,4.813927e-03,56,1.789330e-03,1.707174e-03,3.298662e+02,3.692274e+04,1.437728e-01,8.606702e-04,7.648030e-01,2.267668e-02,6.635660e-01,2.756003e-02,9.880074e-03,2.139178e-04,1.116287e+02,5.422938e+03,1.356583e+02,5.422672e+03,1.849352e-01,5.746591e-01,5.056102e+00,2.869510e+00,9.940379e+00,6.301062e+00,6.447043e-01,1.330058e-02,5.997699e-01,5.912327e-02,3.277498e-01,2.834173e-03
sample11-20rpm-60kx-10,1.039660e-03,8,2.606484e-04,2.435327e-04,4.986864e+02,4.004851e+04,1.779376e-01,9.147421e-04,7.089819e-01,4.884795e-02,6.793273e-01,4.796952e-02,1.263895e-03,6.818497e-07,2.028613e+02,4.105992e+04,2.308092e+02,4.107714e+04,-7.390102e-02,4.489509e-01,7.794035e+00,3.223190e+00,1.236566e+01,6.659714e+00,7.020032e-01,8.502524e-03,6.420521e-01,7.557949e-02,3.924118e-01,3.914581e-03
sample11-20rpm-60kx-12,6.900093e-03,9,9.941806e-04,9.844002e-04,2.941974e+03,8056700,1.339363e-01,1.676361e-03,8.222124e-01,5.430124e-03,6.191516e-01,1.461036e-02,1.059473e-02,1.457790e-04,2.334232e+02,4.681080e+04,2.895497e+02,5.499071e+04,1.433630e-01,1.151526e+00,1.370593e+01,5.020662e+01,2.651927e+01,2.623361e+02,6.042007e-01,3.205635e-02,5.360596e-01,4.940288e-02,3.227123e-01,9.091823e-03
sample11-20rpm-60kx-13,2.650985e-03,13,5.579735e-04,5.335224e-04,7.825108e+02,4.791077e+05,1.711886e-01,1.327259e-03,7.583277e-01,4.660600e-02,6.555300e-01,2.996683e-02,4.589051e-03,2.503413e-05,3.094355e+01,2.184698e+03,6.370968e+01,2.208447e+03,6.151408e-02,6.150996e-01,8.816349e+00,8.057125e+00,1.463287e+01,3.787346e+01,6.797563e-01,1.365679e-02,6.919025e-01,1.243676e-01,3.647160e-01,1.446418e-03
sample11-20rpm-60kx-19,4.084307e-03,28,1.022544e-03,9.643503e-04,5.597405e+02,149883,1.690270e-01,8.354341e-04,7.740241e-01,2.062325e-02,6.728509e-01,2.215908e-02,3.206896e-02,3.598879e-03,9.353091e+01,3.753278e+04,1.211274e+02,3.722874e+04,1.867075e-01,1.061136e+00,7.351249e+00,4.145408e+00,1.276580e+01,1.576833e+01,6.718243e-01,1.312656e-02,6.972898e-01,6.126891e-02,3.484407e-01,2.195803e-03
sample11-20rpm-60kx-2,4.632989e-03,19,9.506577e-04,9.403883e-04,9.356945e+02,5.257204e+05,1.563785e-01,1.252861e-03,8.083322e-01,2.180213e-02,6.135805e-01,2.527750e-02,4.608485e-02,5.751112e-03,9.937676e+01,2.289424e+04,1.322418e+02,2.346578e+04,2.657010e-01,6.163330e-01,8.793181e+00,9.395850e+00,1.604495e+01,4.264480e+01,6.449155e-01,1.947349e-02,5.520130e-01,5.794211e-02,3.608002e-01,1.449456e-03
sample11-20rpm-60kx-20,1.134432e-02,4,1.392244e-03,1.401536e-03,1.088290e+04,71304350,8.363162e-02,1.334012e-03,9.136067e-01,3.742084e-03,4.618419e-01,2.833169e-02,1.266686e-02,6.520141e-05,1.287276e+02,2.316801e+04,3.277790e+02,7.883293e+04,7.636521e-01,1.676199e-01,1.798525e+01,1.091470e+02,5.234389e+01,9.656715e+02,4.778763e-01,1.635921e-02,3.306815e-01,2.981146e-02,2.552446e-01,9.911219e-03
sample11-20rpm-60kx-21,1.088415e-02,7,1.054819e-03,1.071446e-03,5.966544e+03,82341580,1.508020e-01,3.480097e-03,7.424722e-01,2.939807e-02,6.520611e-01,4.342442e-02,1.984168e-02,1.123619e-03,2.595712e+02,1.001075e+05,3.539884e+02,7.340345e+04,2.814192e-01,3.701442e-01,1.547893e+01,1.608276e+02,3.184351e+01,1.032734e+03,6.749376e-01,1.653377e-02,5.889635e-01,6.577864e-02,3.302438e-01,7.060594e-03
sample11-20rpm-60kx-22,2.660277e-03,6,4.454986e-04,4.406083e-04,1.701382e+03,5303420,1.660147e-01,2.652865e-03,7.833842e-01,1.994069e-02,6.295842e-01,3.024927e-02,5.792849e-03,6.028568e-05,4.380682e+02,2.634322e+05,4.877174e+02,2.514428e+05,5.832139e-01,3.556963e-01,9.752883e+00,1.308589e+01,1.958888e+01,1.894113e+02,6.529648e-01,1.849024e-02,6.417195e-01,8.958657e-02,3.550965e-01,3.008847e-03
sample11-20rpm-60kx-23,8.527067e-03,18,1.159959e-03,1.160448e-03,1.817831e+03,8174023,1.650894e-01,1.833296e-03,7.526962e-01,5.163494e-02,6.471397e-01,3.458834e-02,6.913825e-02,1.030866e-02,8.688252e+01,2.530467e+04,1.293217e+02,2.459957e+04,5.647649e-01,5.816845e-01,1.048833e+01,4.824436e+01,1.921758e+01,2.216311e+02,6.592974e-01,1.896482e-02,7.215363e-01,1.240637e-01,3.144994e-01,9.826622e-03
sample11-20rpm-60kx-26,1.591031e-02,10,1.501785e-03,1.499829e-03,6.105273e+03,119596700,1.350706e-01,1.758998e-03,8.189619e-01,1.709014e-02,6.168056e-01,4.400838e-02,3.527927e-02,1.241119e-03,1.086972e+02,3.014021e+04,1.849645e+02,2.822070e+04,5.591969e-01,2.120825e-01,1.568681e+01,1.765313e+02,3.297982e+01,9.507783e+02,5.943718e-01,1.682673e-02,4.919985e-01,5.592296e-02,3.246730e-01,3.764249e-03
sample11-20rpm-60kx-27,2.025527e-03,13,4.684826e-04,4.582131e-04,5.978896e+02,6.368442e+04,1.729479e-01,7.058825e-04,8.004965e-01,1.586413e-02,6.188100e-01,2.473044e-02,3.755201e-03,9.902398e-06,1.986958e+02,5.788036e+04,2.324646e+02,5.823968e+04,2.968615e-01,3.627866e-01,7.843603e+00,2.938847e+00,1.348841e+01,9.075141e+00,6.944173e-01,1.245355e-02,6.091712e-01,4.752170e-02,3.778179e-01,5.517131e-04
sample11-20rpm-60kx-29,9.331997e-03,8,1.135019e-03,1.138442e-03,4.476215e+03,61204330,1.509268e-01,2.200422e-03,8.147482e-01,1.529535e-02,5.958450e-01,1.461111e-02,2.815245e-02,2.102730e-03,1.746205e+02,6.955584e+04,2.556349e+02,6.195919e+04,1.301490e-01,3.777485e-01,1.423565e+01,9.866422e+01,2.864076e+01,6.908919e+02,6.539976e-01,1.554020e-02,5.045869e-01,2.031457e-02,3.544553e-01,9.649777e-03
sample11-20rpm-60kx-4,9.032716e-03,8,1.181476e-03,1.237713e-03,4.332661e+03,28011280,1.279687e-01,2.361769e-03,7.973815e-01,1.182503e-02,6.000262e-01,3.196169e-02,1.205899e-02,1.674363e-04,2.150661e+02,1.400998e+05,3.011142e+02,1.322295e+05,5.107847e-01,6.939898e-01,1.309552e+01,2.329375e+01,3.136561e+01,4.518025e+02,5.543673e-01,1.245641e-02,5.601347e-01,6.216868e-02,2.770423e-01,3.452568e-03
sample11-20rpm-60kx-6,5.748447e-03,16,9.310969e-04,9.218055e-04,1.378659e+03,3139558,1.600768e-01,9.605028e-04,7.587272e-01,4.007279e-02,6.336897e-01,5.165206e-02,4.049292e-02,4.399881e-03,1.224357e+02,3.495764e+04,1.682204e+02,3.831952e+04,4.809360e-01,4.840163e-01,1.047116e+01,2.165783e+01,1.841486e+01,1.063827e+02,6.380033e-01,1.390200e-02,5.627521e-01,6.780814e-02,3.740527e-01,4.583843e-03
sample11-20rpm-60kx-7,1.849968e-03,15,4.645704e-04,4.459876e-04,4.732595e+02,9.163807e+04,1.755044e-01,7.366864e-04,7.484691e-01,2.339469e-02,6.568428e-01,2.672594e-02,1.460990e-02,9.332799e-04,9.839180e+01,2.487914e+04,1.242914e+02,2.544090e+04,-3.304247e-01,7.923645e-01,7.253788e+00,4.477188e+00,1.171095e+01,1.446100e+01,7.119127e-01,1.374731e-02,6.625614e-01,7.057598e-02,3.783813e-01,2.079564e-03
sample11-20rpm-60kx-8,1.719742e-02,9,1.654360e-03,1.687124e-03,7.332416e+03,183962000,1.531091e-01,2.387004e-03,8.227154e-01,2.470902e-02,5.698075e-01,3.002459e-02,2.426199e-02,9.255861e-04,9.774034e+01,1.735528e+04,1.760151e+02,1.578306e+04,6.734958e-02,5.317974e-01,1.592409e+01,1.505490e+02,3.405253e+01,1.321206e+03,6.563579e-01,1.586456e-02,5.095003e-01,6.821208e-02,3.623714e-01,7.949029e-03
sample11-20rpm-60kx-9,1.982395e-02,8,1.666096e-03,1.771725e-03,9.508820e+03,298924500,1.431546e-01,2.637210e-03,8.156596e-01,1.886285e-02,5.731420e-01,4.558355e-02,5.178145e-02,1.431894e-02,2.995445e+02,8.084882e+04,3.876953e+02,7.335760e+04,6.779518e-02,1.307098e-01,1.655012e+01,1.440319e+02,3.940774e+01,1.684322e+03,6.476886e-01,1.733026e-02,4.499230e-01,3.301095e-02,3.573695e-01,1.402820e-02
sample12-100rpm-60kx-1,5.776322e-03,31,1.293951e-03,1.236735e-03,7.150164e+02,5.431091e+05,1.666783e-01,1.254659e-03,7.876785e-01,3.052124e-02,5.985499e-01,3.956856e-02,1.463782e-02,3.552829e-04,7.872362e+01,1.041893e+04,1.172704e+02,9.670133e+03,3.762322e-01,7.643351e-01,8.154686e+00,7.721569e+00,1.392655e+01,3.476952e+01,6.943926e-01,9.453878e-03,6.181324e-01,7.613396e-02,3.719831e-01,2.724834e-03
sample12-100rpm-60kx-10,2.063182e-03,8,3.799697e-04,3.677441e-04,9.896322e+02,951414,1.703479e-01,9.453967e-04,8.360102e-01,1.291300e-02,5.701104e-01,1.563988e-02,4.941125e-03,7.088145e-05,1.474947e+02,2.708427e+04,1.888363e+02,2.665197e+04,5.740862e-01,5.230180e-01,9.812829e+00,1.675190e+01,1.623044e+01,5.895131e+01,7.005345e-01,9.173522e-03,6.776710e-01,1.037553e-01,3.554131e-01,1.857805e-03
sample12-100rpm-60kx-11,5.565553e-03,13,7.648296e-04,7.599394e-04,1.642825e+03,13147190,1.704654e-01,1.225500e-03,8.144286e-01,1.197245e-02,5.940251e-01,1.325494e-02,1.088980e-02,5.592779e-04,2.533547e+02,7.401834e+04,2.895830e+02,7.066332e+04,5.498246e-01,3.210886e-01,9.413739e+00,2.159219e+01,1.774382e+01,2.254249e+02,7.004892e-01,1.559503e-02,6.348113e-01,6.686448e-02,3.762094e-01,4.039924e-03
sample12-100rpm-60kx-12,1.545308e-03,7,3.251993e-04,3.178640e-04,8.471169e+02,2.457334e+05,1.549448e-01,4.116609e-04,7.757198e-01,1.114320e-02,6.706075e-01,2.338650e-02,3.728949e-03,1.378443e-05,2.045771e+02,1.323545e+05,2.421207e+02,129571,3.459176e-01,5.740266e-01,9.532107e+00,6.274151e+00,1.577966e+01,2.408918e+01,6.124587e-01,6.873323e-03,6.199466e-01,6.001814e-02,3.434098e-01,4.731048e-03
sample12-100rpm-60kx-13,4.748398e-03,7,4.914666e-04,5.095604e-04,2.603008e+03,14231460,1.678713e-01,1.540488e-03,7.545154e-01,4.393483e-02,6.093071e-01,4.783454e-02,2.205133e-02,2.146163e-03,2.248780e+02,5.983935e+04,2.650734e+02,6.878528e+04,6.183805e-01,9.894225e-01,1.350173e+01,1.135230e+02,2.241897e+01,3.802784e+02,7.034840e-01,1.292040e-02,7.492301e-01,1.416994e-01,3.413092e-01,4.476957e-03
sample12-100rpm-60kx-14,1.934569e-03,11,4.014866e-04,3.780136e-04,6.748665e+02,3.700668e+05,1.798614e-01,9.466287e-04,6.939450e-01,2.566063e-02,7.249109e-01,1.597193e-02,1.150273e-02,1.941988e-04,1.356097e+02,3.725346e+04,1.658655e+02,3.634483e+04,6.278471e-01,8.753311e-01,8.770082e+00,1.109698e+01,1.354244e+01,3.456095e+01,6.936616e-01,1.699187e-02,8.404215e-01,7.122161e-02,3.430304e-01,2.277144e-03
sample12-100rpm-60kx-15,1.290674e-02,14,1.326715e-03,1.397134e-03,3.537651e+03,27772480,1.424019e-01,1.692367e-03,8.614561e-01,1.870824e-02,4.868729e-01,4.155840e-02,2.487015e-02,2.176355e-03,2.087648e+02,6.414242e+04,2.971176e+02,6.509636e+04,4.350195e-01,7.556326e-01,1.407732e+01,8.451962e+01,2.718699e+01,4.167013e+02,6.287781e-01,1.717394e-02,5.039536e-01,1.237493e-01,3.735748e-01,6.673522e-03
sample12-100rpm-60kx-16,4.279916e-03,14,6.895203e-04,6.782728e-04,1.173096e+03,9.492624e+05,1.687818e-01,7.058758e-04,8.158664e-01,3.312821e-02,5.591171e-01,3.951374e-02,6.342260e-03,3.750334e-05,2.408818e+02,8.293616e+04,2.920644e+02,7.975139e+04,4.470173e-01,4.100169e-01,1.002481e+01,1.417980e+01,1.776155e+01,6.239194e+01,7.150355e-01,8.730430e-03,5.950417e-01,1.061592e-01,3.923113e-01,1.733338e-03
sample12-100rpm-60kx-17,8.116289e-03,14,1.076825e-03,1.061666e-03,2.224620e+03,10548460,1.547880e-01,1.232760e-03,8.820220e-01,1.955547e-02,4.709636e-01,3.544051e-02,2.185222e-02,8.366981e-04,1.221786e+02,3.584987e+04,1.845058e+02,3.021824e+04,4.089585e-01,3.837490e-01,1.230368e+01,3.920648e+01,2.304274e+01,1.907775e+02,6.546228e-01,1.058465e-02,4.527265e-01,6.313725e-02,4.105491e-01,4.641320e-03
sample12-100rpm-60kx-18,3.072033e-03,16,7.061470e-04,6.821849e-04,7.367705e+02,5.036354e+05,1.654529e-01,1.808180e-03,7.221547e-01,4.817560e-02,6.751731e-01,4.287803e-02,5.536887e-03,2.970057e-05,1.153352e+02,5.037757e+04,1.430275e+02,4.955570e+04,1.269451e-01,5.349650e-01,7.945905e+00,6.463396e+00,1.407752e+01,3.876766e+01,6.820097e-01,1.908958e-02,6.589692e-01,9.177738e-02,3.551883e-01,1.771005e-03
sample12-100rpm-60kx-19,1.880679e-02,12,1.356546e-03,1.336985e-03,6.013949e+03,116004500,1.542510e-01,1.453977e-03,8.773566e-01,1.922198e-02,4.585310e-01,4.449881e-02,3.475403e-02,2.376204e-03,1.332746e+02,2.198909e+04,2.107892e+02,2.410230e+04,5.248354e-01,1.633246e-01,1.522822e+01,2.089860e+02,3.122581e+01,1.024634e+03,7.136908e-01,1.848252e-02,4.451008e-01,6.458918e-02,4.213379e-01,4.483011e-03
sample12-100rpm-60kx-2,6.099565e-03,19,1.128173e-03,1.102254e-03,1.231889e+03,1227600,1.508138e-01,1.235660e-03,8.273002e-01,2.695524e-02,5.575944e-01,3.773926e-02,1.241380e-02,3.242605e-04,1.905923e+02,1.667860e+04,2.346812e+02,1.748077e+04,5.114129e-01,9.625821e-01,9.758944e+00,1.321031e+01,1.804506e+01,7.019266e+01,6.233837e-01,1.219589e-02,5.855151e-01,8.224153e-02,3.565931e-01,3.539986e-03
sample12-100rpm-60kx-20,1.207247e-02,28,1.586875e-03,1.579539e-03,1.654492e+03,11321950,1.764073e-01,1.300624e-03,7.061905e-01,3.439393e-02,7.188695e-01,2.203297e-02,3.981590e-02,5.505224e-03,1.146977e+02,2.732790e+04,1.542149e+02,2.912660e+04,2.536704e-01,8.365607e-01,1.089330e+01,3.860027e+01,1.835017e+01,1.969463e+02,7.163047e-01,2.450458e-02,7.120013e-01,5.741505e-02,3.530125e-01,2.551324e-03
sample12-100rpm-60kx-21,5.949435e-03,15,7.799892e-04,8.137317e-04,1.521987e+03,2413588,1.634351e-01,5.849628e-04,7.882929e-01,1.353173e-02,6.610842e-01,2.395536e-02,2.023767e-02,8.045052e-04,5.988842e+01,1.204599e+04,1.085147e+02,1.062830e+04,2.524221e-01,9.874647e-01,1.215199e+01,5.597303e+01,1.947214e+01,1.128206e+02,6.653827e-01,1.623998e-02,6.528863e-01,6.970529e-02,3.519428e-01,3.850912e-03
sample12-100rpm-60kx-22,6.621351e-03,12,9.848892e-04,9.951587e-04,2.117345e+03,18715200,1.806198e-01,2.456427e-03,7.075277e-01,4.318066e-02,6.611942e-01,4.785888e-02,1.068471e-02,2.488663e-04,1.369111e+02,7.607375e+04,2.080184e+02,7.459588e+04,1.548019e-01,1.513171e+00,1.104091e+01,3.385638e+01,1.969880e+01,3.119230e+02,7.330831e-01,2.238761e-02,7.877963e-01,1.086282e-01,3.443551e-01,2.397641e-03
sample12-100rpm-60kx-24,2.073793e-02,6,1.132085e-03,1.145288e-03,1.326296e+04,656998000,1.478564e-01,2.945531e-03,7.965145e-01,2.780015e-02,5.901392e-01,5.313762e-02,1.591539e-02,8.584294e-04,2.620182e+02,7.807739e+04,3.403983e+02,1.226497e+05,9.621894e-01,5.671009e-02,2.198277e+01,6.837611e+02,4.406221e+01,2.736305e+03,6.589614e-01,1.652866e-02,6.729972e-01,2.018195e-01,3.267877e-01,6.517696e-03
sample12-100rpm-60kx-25,5.555284e-03,17,8.890410e-04,8.792606e-04,1.253960e+03,2044744,1.644633e-01,9.400641e-04,8.762195e-01,8.436464e-03,4.881657e-01,2.686198e-02,1.930026e-02,1.118691e-03,6.758126e+01,7.535434e+03,1.137020e+02,8.000212e+03,8.869456e-01,2.387193e-01,9.416398e+00,2.201690e+01,1.751576e+01,9.811773e+01,7.272927e-01,1.321248e-02,5.796496e-01,1.052982e-01,3.963517e-01,3.550127e-03
sample12-100rpm-60kx-27,3.661793e-03,26,8.083525e-04,7.643406e-04,5.404391e+02,2.348036e+05,1.833221e-01,6.959482e-04,6.712715e-01,4.063999e-02,7.221593e-01,2.961681e-02,6.240993e-03,7.338824e-05,1.254911e+02,1.005261e+04,1.535685e+02,1.064542e+04,-2.736881e-01,5.236529e-01,8.025738e+00,1.144976e+01,1.217863e+01,2.465629e+01,7.277357e-01,7.572663e-03,7.262773e-01,5.973973e-02,3.712517e-01,1.864154e-03
sample12-100rpm-60kx-28,4.132720e-03,23,8.430730e-04,8.303585e-04,6.895004e+02,3.022709e+05,1.725626e-01,7.601293e-04,7.705925e-01,2.112284e-02,6.489546e-01,2.980507e-02,2.943087e-02,7.083477e-03,1.261176e+02,2.201286e+04,1.601312e+02,2.206073e+04,3.393040e-01,6.641680e-01,8.697499e+00,1.559424e+01,1.392018e+01,2.687160e+01,7.039319e-01,1.257372e-02,6.636834e-01,7.289729e-02,3.638017e-01,1.963164e-03
sample12-100rpm-60kx-29,1.128173e-03,6,2.376644e-04,2.283730e-04,7.215237e+02,1.411337e+05,1.690070e-01,6.223875e-04,6.267754e-01,2.608751e-02,8.062135e-01,1.404521e-02,1.438986e-03,7.133183e-07,5.477502e+02,4.002673e+05,5.780130e+02,4.040468e+05,-4.006517e-01,7.248409e-01,9.288833e+00,4.924228e+00,1.467506e+01,1.717302e+01,6.578948e-01,1.535188e-02,7.181255e-01,5.979785e-02,3.474782e-01,5.059745e-04
sample12-100rpm-60kx-3,3.465206e-03,18,6.841410e-04,6.494205e-04,7.387252e+02,8.155422e+05,1.753023e-01,1.105815e-03,7.014736e-01,2.284313e-02,7.328099e-01,1.803182e-02,5.277968e-03,6.114306e-05,1.243525e+02,2.553978e+04,1.587970e+02,2.526997e+04,5.580648e-01,4.500043e-01,8.976160e+00,1.833944e+01,1.396001e+01,4.263002e+01,6.886542e-01,1.770044e-02,7.296325e-01,6.352279e-02,3.533807e-01,1.763185e-03
sample12-100rpm-60kx-30,1.509560e-02,8,1.323292e-03,1.342853e-03,7.240805e+03,262249900,1.569859e-01,3.021426e-03,7.994866e-01,1.935333e-02,6.164815e-01,3.066193e-02,1.704169e-02,6.164484e-04,4.836710e+01,1.020582e+04,1.184633e+02,1.322610e+04,6.280595e-01,3.766381e-01,1.487569e+01,1.730725e+02,3.157619e+01,1.494587e+03,6.800887e-01,2.379657e-02,6.312167e-01,1.169229e-01,3.361218e-01,3.902611e-03
sample12-100rpm-60kx-31,4.299966e-03,19,8.949093e-04,8.636119e-04,8.684359e+02,8.880787e+05,1.613951e-01,9.818204e-04,8.419956e-01,2.796471e-02,5.018971e-01,4.706802e-02,8.735698e-03,7.475858e-05,1.179951e+02,3.900844e+04,1.642985e+02,3.652679e+04,7.901561e-01,4.213725e-01,7.948136e+00,7.023251e+00,1.506123e+01,5.234616e+01,6.990009e-01,1.220878e-02,5.696827e-01,9.789554e-02,3.954911e-01,2.788707e-03
sample12-100rpm-60kx-4,2.304807e-02,9,1.210817e-03,1.267544e-03,9.826943e+03,513703000,1.402554e-01,7.565695e-04,8.453452e-01,1.925915e-02,5.396003e-01,4.934454e-02,3.816709e-02,1.942967e-03,1.092940e+02,1.186098e+04,1.826347e+02,2.687450e+04,3.588041e-01,9.587932e-01,2.010792e+01,9.225582e+02,3.369324e+01,2.241876e+03,6.590340e-01,2.214007e-02,5.150837e-01,6.985885e-02,3.763410e-01,3.291027e-02
sample12-100rpm-60kx-7,1.362903e-02,6,8.895301e-04,9.531028e-04,8.716457e+03,174297400,1.420345e-01,1.901886e-03,8.931890e-01,2.205980e-02,4.367857e-01,5.372576e-02,1.780457e-02,3.605820e-04,1.790750e+02,2.036941e+04,2.788624e+02,3.015825e+04,1.010556e+00,8.878927e-02,1.869526e+01,1.799466e+02,4.050983e+01,1.360186e+03,6.461553e-01,1.041562e-02,4.430523e-01,5.889070e-02,3.729991e-01,7.710094e-03
sample12-100rpm-60kx-8,4.246173e-03,14,7.076141e-04,6.826740e-04,1.163847e+03,2026076,1.754084e-01,1.178267e-03,7.807548e-01,2.993812e-02,6.072895e-01,3.459388e-02,8.510782e-03,1.485166e-04,1.106376e+02,3.019663e+04,1.610404e+02,3.745564e+04,9.009439e-01,4.551530e-01,9.666849e+00,1.455347e+01,1.675913e+01,9.648757e+01,6.927437e-01,1.418144e-02,7.417241e-01,8.093411e-02,3.499258e-01,1.763252e-03
sample12-100rpm-60kx-9,1.684679e-03,3,2.469558e-04,2.420656e-04,2.154876e+03,7496987,1.588751e-01,2.926204e-03,7.338139e-01,7.792185e-02,6.454002e-01,9.987796e-02,1.412279e-03,1.096929e-06,8.517026e+02,2.657461e+05,9.041143e+02,2.760041e+05,-4.490650e-01,1.317106e+00,1.133566e+01,8.980558e+00,2.264163e+01,2.599123e+02,6.337286e-01,3.393243e-02,5.895045e-01,1.026877e-01,3.653514e-01,3.690792e-03
sample12-195rpm-60kx-15,3.016773e-03,22,6.508876e-04,6.098098e-04,5.261946e+02,7.620850e+04,1.943102e-01,5.387811e-04,7.003896e-01,3.098275e-02,7.012115e-01,2.923662e-02,7.213575e-03,7.176429e-05,8.531611e+01,8.675741e+03,1.132245e+02,8.842010e+03,9.202408e-02,6.002004e-01,8.680917e+00,4.067068e+00,1.256290e+01,1.012676e+01,7.829967e-01,5.476084e-03,7.719186e-01,5.221391e-02,3.893796e-01,1.086304e-03
sample12-195rpm-60kx-17,3.366913e-03,28,8.469852e-04,7.927038e-04,4.614240e+02,5.399691e+04,1.826165e-01,6.240229e-04,8.081995e-01,1.122440e-02,6.168084e-01,2.025646e-02,1.605714e-02,6.382235e-04,1.114969e+02,3.677239e+04,1.370823e+02,3.776007e+04,-1.118717e-01,1.004963e+00,7.014467e+00,1.656625e+00,1.178484e+01,8.289401e+00,7.317261e-01,1.299331e-02,7.055772e-01,5.708878e-02,3.869640e-01,3.094838e-03
sample12-195rpm-60kx-19,7.188127e-03,25,1.265588e-03,1.228422e-03,1.103321e+03,3141271,1.625628e-01,1.256437e-03,7.553799e-01,3.111834e-02,6.458259e-01,4.979908e-02,1.565536e-02,3.658939e-04,1.269855e+02,2.163982e+04,1.653183e+02,2.336917e+04,-4.971610e-01,1.003357e+00,8.623565e+00,1.151409e+01,1.591235e+01,1.020784e+02,6.600884e-01,1.012182e-02,6.618577e-01,1.014179e-01,3.544099e-01,2.244676e-03
sample12-195rpm-60kx-2,1.564380e-03,12,4.098000e-04,3.907282e-04,5.002502e+02,1.152629e+05,1.748633e-01,1.913448e-03,7.592374e-01,1.802256e-02,6.744986e-01,1.806900e-02,8.397356e-03,1.065373e-04,1.627145e+02,6.546038e+04,1.899302e+02,6.389948e+04,8.542961e-02,1.206713e+00,7.403604e+00,6.052575e+00,1.204371e+01,1.547306e+01,7.219185e-01,2.418062e-02,7.108362e-01,8.033611e-02,3.580145e-01,2.591883e-03
sample12-195rpm-60kx-20,7.180302e-03,15,8.802386e-04,9.413663e-04,1.836867e+03,10912430,1.603286e-01,1.477556e-03,8.161687e-01,1.770457e-02,5.765957e-01,3.800760e-02,1.174147e-02,5.265316e-04,1.887247e+02,3.597691e+04,2.399043e+02,3.388892e+04,-1.057171e-01,1.162921e+00,9.392952e+00,3.682722e+01,1.853389e+01,2.584159e+02,6.780668e-01,2.292843e-02,6.266232e-01,1.271314e-01,3.670754e-01,2.060341e-03
sample12-195rpm-60kx-23,2.861167e-02,4,1.283192e-03,1.296885e-03,2.744793e+04,2129182000,1.244968e-01,1.460645e-03,7.772510e-01,4.447605e-02,5.639291e-01,5.444617e-02,2.722504e-02,1.091385e-03,5.154724e+02,106283,6.864249e+02,1.771115e+05,2.798959e-01,1.870721e+00,3.536134e+01,1.050600e+03,6.891225e+01,5.317398e+03,5.630684e-01,1.089074e-02,5.778506e-01,1.480447e-01,2.832342e-01,1.881095e-03
sample12-195rpm-60kx-24,3.633967e-02,5,1.533571e-03,1.587364e-03,2.788929e+04,2646146000,1.432324e-01,2.804899e-03,8.664803e-01,1.911662e-02,4.948219e-01,2.927906e-02,3.253905e-02,1.161536e-03,2.621118e+02,1.670275e+05,5.614080e+02,2.050428e+05,2.008213e-01,1.438078e+00,3.896434e+01,1.459328e+03,6.713630e+01,5.462691e+03,5.976297e-01,3.183894e-02,5.134505e-01,2.376038e-02,3.170131e-01,7.291372e-03
sample12-195rpm-60kx-25,2.453421e-03,12,5.115165e-04,4.934227e-04,7.845437e+02,5.169869e+05,1.672162e-01,9.727954e-04,7.705830e-01,3.757195e-02,6.033749e-01,5.195964e-02,6.071540e-03,9.686692e-05,1.456891e+02,3.504160e+04,1.956969e+02,3.398757e+04,1.805670e-02,1.413853e+00,8.036088e+00,8.876316e+00,1.433983e+01,4.810613e+01,6.956996e-01,5.459840e-03,6.535895e-01,1.072369e-01,3.715771e-01,1.689683e-03
sample12-195rpm-60kx-26,1.859504e-02,11,1.643601e-03,1.656805e-03,6.486805e+03,205718600,1.473141e-01,1.782489e-03,7.589013e-01,3.162352e-02,6.617732e-01,4.072648e-02,3.914093e-02,4.186876e-03,1.140955e+02,3.635954e+04,1.725615e+02,4.347186e+04,1.255365e-01,1.231079e+00,1.701726e+01,2.187033e+02,3.161881e+01,1.171571e+03,6.340357e-01,1.229003e-02,6.473479e-01,8.541966e-02,3.194132e-01,8.040505e-03
sample12-195rpm-60kx-28,9.579442e-03,9,1.001516e-03,1.009829e-03,4.084360e+03,38315390,1.540006e-01,1.837597e-03,8.650375e-01,2.127285e-02,4.527233e-01,5.079063e-02,1.095080e-02,2.139306e-04,2.299126e+02,6.153926e+04,3.328714e+02,5.760392e+04,-8.861033e-01,8.382791e-01,1.222971e+01,3.956351e+01,2.887700e+01,5.244872e+02,6.840469e-01,1.367421e-02,4.679293e-01,7.125818e-02,3.876227e-01,2.980935e-03
sample12-195rpm-60kx-29,1.723312e-03,13,3.887721e-04,3.633430e-04,5.086825e+02,3.068796e+05,1.877674e-01,6.328767e-04,7.428288e-01,1.626123e-02,6.830060e-01,1.834131e-02,2.827305e-03,1.219814e-05,1.049541e+02,1.136858e+04,1.303686e+02,1.081581e+04,2.087624e-01,1.121745e+00,7.262164e+00,9.326301e+00,1.160139e+01,2.960356e+01,7.480631e-01,8.455948e-03,8.764837e-01,9.599007e-02,3.504631e-01,2.610169e-03
sample12-195rpm-60kx-31,1.403492e-03,8,2.943909e-04,2.885227e-04,6.732032e+02,1.827757e+05,1.693586e-01,6.416012e-04,8.017349e-01,1.510555e-02,6.132894e-01,2.755494e-02,2.601713e-02,9.660741e-04,2.007274e+02,2.414099e+05,2.392074e+02,2.344834e+05,7.987676e-02,1.076182e+00,8.656089e+00,8.998595e+00,1.395265e+01,2.241243e+01,6.680636e-01,6.815437e-03,6.201314e-01,3.941331e-02,3.733870e-01,2.988723e-03
sample12-195rpm-60kx-36,4.324417e-03,8,6.078537e-04,5.995403e-04,2.074263e+03,12588280,1.570447e-01,1.616962e-03,8.223817e-01,1.715441e-02,6.040601e-01,3.283989e-02,1.067533e-02,4.391055e-04,3.126596e+02,1.979732e+05,3.799687e+02,1.752431e+05,-4.648038e-01,9.623132e-01,1.086628e+01,5.512107e+01,1.994922e+01,2.997566e+02,6.329575e-01,2.476292e-02,5.483590e-01,5.551628e-02,3.687187e-01,3.228956e-03
sample12-195rpm-60kx-38,9.867475e-03,6,7.178835e-04,7.154384e-04,6.310752e+03,59729350,1.553433e-01,1.397851e-03,7.597104e-01,3.302114e-02,6.656671e-01,8.008940e-02,9.906638e-03,1.541211e-04,8.049228e+01,5.373625e+03,1.709376e+02,1.250350e+04,-2.835451e-01,1.055738e+00,2.187140e+01,3.045589e+02,3.654077e+01,8.082563e+02,6.661348e-01,9.221589e-03,6.240476e-01,7.565761e-02,3.405591e-01,6.572997e-03
sample12-195rpm-60kx-39,5.047191e-03,14,8.137317e-04,7.956379e-04,1.383401e+03,4965699,1.570153e-01,9.776511e-04,8.191648e-01,2.177177e-02,5.613433e-01,4.342272e-02,1.820523e-02,3.525159e-04,8.821847e+01,2.948712e+04,1.341928e+02,3.189786e+04,-7.333612e-01,9.262544e-01,8.977276e+00,1.800587e+01,1.742853e+01,1.471041e+02,6.746746e-01,8.682601e-03,5.983983e-01,9.551647e-02,3.525473e-01,1.846537e-03
sample12-195rpm-60kx-42,5.100005e-03,13,8.851289e-04,8.665460e-04,1.505406e+03,4501464,1.531748e-01,1.728320e-03,7.731441e-01,2.423082e-02,6.215861e-01,3.929194e-02,1.068435e-02,2.378162e-04,8.888662e+01,1.547217e+04,1.429337e+02,1.624816e+04,-2.594282e-01,7.328991e-01,8.918030e+00,1.736275e+01,1.803304e+01,1.668280e+02,6.483568e-01,1.699357e-02,6.248711e-01,1.002294e-01,3.487601e-01,2.283867e-03
sample12-195rpm-60kx-45,2.052912e-03,12,4.723947e-04,4.469656e-04,6.564709e+02,4.747892e+05,1.724804e-01,1.062091e-03,7.357367e-01,2.993334e-02,6.514516e-01,3.741917e-02,8.989918e-03,1.933062e-04,1.838607e+02,1.221185e+05,2.162939e+02,1.196627e+05,-1.998258e-01,8.660223e-01,7.929995e+00,6.118175e+00,1.323949e+01,3.673863e+01,6.833544e-01,1.278403e-02,6.628468e-01,8.045355e-02,3.715309e-01,4.083566e-03
sample12-195rpm-60kx-47,5.066262e-03,9,9.022446e-04,8.905081e-04,2.160088e+03,8891526,1.384666e-01,1.932036e-03,8.716091e-01,3.448854e-02,4.124847e-01,7.845930e-02,1.058775e-02,2.139524e-04,1.339673e+02,4.610463e+04,2.246362e+02,4.025705e+04,-1.302284e+00,5.898843e-02,9.559232e+00,7.913664e+00,2.258653e+01,1.996042e+02,6.292288e-01,1.325464e-02,4.073002e-01,8.012386e-02,3.926472e-01,3.748117e-03
sample12-195rpm-60kx-49,1.624040e-03,8,3.604088e-04,3.814367e-04,7.789923e+02,2.332292e+05,1.516477e-01,1.674252e-03,8.498146e-01,3.890627e-02,4.777465e-01,4.958624e-02,2.514408e-02,1.260115e-03,2.148772e+02,6.682992e+04,2.597281e+02,6.709622e+04,-9.939834e-01,5.780208e-01,7.685295e+00,5.414954e+00,1.502175e+01,2.549483e+01,6.268020e-01,2.569277e-02,4.620359e-01,9.180209e-02,3.842501e-01,1.520649e-03
sample12-195rpm-60kx-50,2.140936e-03,15,5.936721e-04,5.667759e-04,5.476950e+02,2.098117e+05,1.511919e-01,1.328153e-03,7.642986e-01,2.885673e-02,6.461955e-01,3.243981e-02,2.221843e-02,4.897054e-03,2.335560e+02,7.679438e+04,2.671978e+02,7.503685e+04,2.805148e-01,9.774874e-01,6.693923e+00,1.391609e+01,1.240711e+01,2.185752e+01,6.074866e-01,1.853472e-02,6.122986e-01,7.032926e-02,3.363646e-01,2.512415e-03
sample12-195rpm-60kx-52,6.815981e-03,9,8.460071e-04,8.494303e-04,2.906111e+03,36197440,1.615278e-01,2.321051e-03,8.059059e-01,5.211723e-02,5.430614e-01,6.850087e-02,3.477060e-02,3.045133e-03,1.214185e+02,1.816516e+04,1.739085e+02,1.351617e+04,-7.877232e-01,2.714415e-01,1.123831e+01,3.993593e+01,2.283672e+01,4.539693e+02,6.823357e-01,2.293477e-02,5.514979e-01,1.412412e-01,3.946228e-01,1.526088e-03
sample12-195rpm-60kx-6,1.090518e-03,7,2.699399e-04,2.679838e-04,5.978071e+02,2.750274e+05,1.598020e-01,5.082779e-04,6.724331e-01,4.308140e-02,7.799160e-01,4.116268e-02,1.361521e-03,7.026727e-07,5.319547e+02,9.427762e+04,5.613148e+02,100707,1.091648e-01,1.270789e+00,7.422244e+00,8.913131e+00,1.292322e+01,2.715801e+01,6.259530e-01,6.133213e-03,6.832242e-01,1.776659e-02,3.134662e-01,9.825992e-04
sample12-195rpm-60kx-7,1.099320e-03,10,3.031933e-04,2.870556e-04,4.218427e+02,1.279561e+05,1.808155e-01,1.488034e-03,7.102580e-01,1.188146e-02,7.384519e-01,1.258865e-02,1.976493e-03,5.741105e-06,2.043402e+02,2.093116e+04,2.304435e+02,2.112056e+04,4.005483e-01,2.925788e-01,7.177292e+00,3.020047e+00,1.098183e+01,1.519573e+01,7.570828e-01,1.560533e-02,7.392223e-01,2.352304e-02,3.602974e-01,2.976328e-03
sample12-195rpm-60kx-8,3.893100e-03,45,1.297863e-03,1.209350e-03,3.319781e+02,2.825844e+04,1.624706e-01,7.235130e-04,7.327132e-01,2.435678e-02,6.783685e-01,1.780566e-02,5.590404e-03,2.129352e-05,1.120055e+02,7.459053e+03,1.345712e+02,7.693985e+03,5.073858e-03,6.549839e-01,6.120485e+00,3.782146e+00,1.000426e+01,5.713623e+00,6.753185e-01,6.851229e-03,6.581817e-01,5.121466e-02,3.498269e-01,2.446843e-03
sample12-195rpm-60kx-9,1.097706e-02,114,3.504817e-03,3.279867e-03,3.694943e+02,2.895536e+04,1.627201e-01,7.587814e-04,7.382413e-01,2.482481e-02,6.795645e-01,2.788989e-02,2.520780e-02,4.608764e-04,5.133384e+01,2.457256e+03,7.563975e+01,2.495843e+03,1.976196e-01,7.089778e-01,6.339766e+00,2.429075e+00,1.059531e+01,5.400446e+00,6.831093e-01,9.536402e-03,6.762045e-01,5.168549e-02,3.432960e-01,2.166229e-03
sample12-20rpm-60kx-1,1.055797e-02,13,1.377573e-03,1.399090e-03,3.116474e+03,23329150,1.419547e-01,1.741013e-03,8.050828e-01,1.788627e-02,5.987175e-01,2.660234e-02,3.982481e-02,1.593039e-03,4.267838e+01,6.877085e+03,9.568122e+01,7.554504e+03,-6.830927e-01,9.611610e-01,1.327993e+01,5.930678e+01,2.530458e+01,3.809897e+02,5.907427e-01,9.570382e-03,5.738614e-01,8.386066e-02,3.246296e-01,6.237418e-03
sample12-20rpm-60kx-18,6.565113e-03,7,5.256981e-04,5.266761e-04,3.598906e+03,29444220,1.647940e-01,7.371562e-04,7.711734e-01,1.177357e-02,6.526709e-01,2.177146e-02,9.011257e-03,9.577892e-05,4.340574e+01,2.826014e+03,9.470767e+01,2.167889e+03,1.206666e-01,5.465476e-01,1.674565e+01,2.236071e+02,2.685823e+01,4.949034e+02,6.885648e-01,1.772414e-02,6.452796e-01,7.439012e-02,3.509503e-01,1.458686e-03
sample12-20rpm-60kx-20,4.898528e-03,7,6.024744e-04,6.191012e-04,2.685307e+03,12508860,1.510268e-01,1.243463e-03,8.056560e-01,2.722647e-02,6.058608e-01,6.042508e-02,8.925494e-03,9.318277e-05,3.455183e+02,217370,4.079206e+02,221298,-3.681663e-01,4.905997e-02,1.348684e+01,7.489775e+01,2.413010e+01,3.179144e+02,6.141245e-01,3.222849e-03,4.702166e-01,3.891044e-02,3.682232e-01,1.355289e-03
sample12-20rpm-60kx-21,3.537581e-03,25,7.755880e-04,7.408675e-04,5.429912e+02,1.076833e+05,1.907812e-01,5.416484e-04,6.967881e-01,2.703587e-02,7.104667e-01,2.648158e-02,2.071070e-02,1.668995e-03,7.460754e+01,2.076055e+04,1.036923e+02,2.040076e+04,-2.253936e-01,6.035582e-01,8.387675e+00,4.669499e+00,1.260906e+01,1.442817e+01,7.515650e-01,6.891569e-03,7.370317e-01,6.714129e-02,3.794185e-01,1.558354e-03
sample12-20rpm-60kx-26,3.847621e-03,5,3.706783e-04,3.652990e-04,2.952899e+03,21592810,1.525100e-01,3.781714e-04,7.853265e-01,2.769273e-02,6.018430e-01,4.603429e-02,3.798055e-03,7.342356e-06,1.430327e+02,7.702650e+04,2.095002e+02,7.072417e+04,-3.857580e-01,3.674647e-01,1.551947e+01,2.079399e+02,2.500110e+01,3.936024e+02,6.559693e-01,1.310875e-02,5.110243e-01,4.487735e-02,3.789852e-01,7.063955e-03
sample12-20rpm-60kx-27,4.677001e-03,20,9.105580e-04,8.699692e-04,8.973541e+02,4.015032e+05,1.658222e-01,7.105532e-04,8.478681e-01,2.246777e-02,5.289326e-01,3.757552e-02,9.936725e-03,1.045479e-04,5.987124e+01,8.903883e+03,1.042208e+02,9.245091e+03,-3.150722e-01,5.733832e-01,9.234395e+00,9.002292e+00,1.609369e+01,2.803143e+01,6.949214e-01,8.784935e-03,4.992361e-01,5.079723e-02,4.175943e-01,3.936248e-03
sample12-20rpm-60kx-34,6.590542e-03,10,7.975940e-04,7.946599e-04,2.528992e+03,10627070,1.568456e-01,1.938932e-03,7.565571e-01,5.136156e-02,6.142128e-01,5.950292e-02,1.162779e-02,2.194680e-04,2.221129e+02,1.506387e+05,2.990732e+02,1.530357e+05,8.922081e-02,7.663733e-01,1.350253e+01,1.183097e+02,2.327573e+01,2.924928e+02,6.398054e-01,2.071378e-02,5.607572e-01,8.492241e-02,3.591648e-01,2.996560e-03
sample12-20rpm-60kx-42,4.550345e-03,12,6.772947e-04,6.704484e-04,1.455089e+03,2343031,1.633674e-01,1.046100e-03,8.367197e-01,1.442445e-02,5.748274e-01,2.255393e-02,1.038033e-02,1.790542e-04,6.599092e+01,1.613725e+04,1.306369e+02,1.459484e+04,9.745843e-02,1.711340e-01,1.019158e+01,2.538142e+01,1.883657e+01,1.182030e+02,6.652619e-01,1.367409e-02,4.901051e-01,3.138723e-02,3.967535e-01,1.750420e-03
sample12-20rpm-60kx-44,4.072815e-02,18,1.741894e-03,1.770258e-03,8.682575e+03,1066027000,1.666467e-01,1.009474e-03,8.174424e-01,1.352217e-02,5.905004e-01,2.130067e-02,3.380026e-02,4.955998e-03,3.558274e+01,2.103807e+03,1.093938e+02,8.600773e+03,-4.093005e-01,4.200790e-01,1.354804e+01,2.895762e+02,2.682633e+01,2.164338e+03,7.050521e-01,9.115286e-03,5.601572e-01,4.450725e-02,3.863576e-01,2.852474e-03
sample12-20rpm-60kx-6,1.411316e-03,7,2.758081e-04,2.689618e-04,7.736643e+02,4.855462e+05,1.753081e-01,4.563084e-04,7.122530e-01,4.441647e-02,6.750491e-01,5.753432e-02,2.821718e-03,2.073545e-05,2.679840e+02,6.057730e+04,3.041115e+02,6.259962e+04,-4.598537e-01,9.170493e-01,8.874137e+00,5.703923e+00,1.454604e+01,4.045742e+01,7.121849e-01,6.907795e-03,6.510271e-01,6.625577e-02,3.717527e-01,6.970718e-04
sample12-20rpm-60kx-7,1.886645e-03,8,3.149298e-04,2.992811e-04,9.049540e+02,1884793,1.817674e-01,8.539793e-04,7.987859e-01,1.994971e-02,6.231835e-01,1.621707e-02,2.277846e-03,3.270929e-06,2.637722e+02,9.360333e+04,2.961606e+02,1.016821e+05,-1.839884e-01,1.246979e+00,8.634237e+00,1.881302e+01,1.456260e+01,8.684176e+01,6.983871e-01,1.359318e-02,7.413363e-01,6.601190e-02,3.651214e-01,3.447718e-03
sample7-195rpm-60kx-1,5.914715e-03,21,1.013742e-03,9.946697e-04,1.080789e+03,1344370,1.619919e-01,1.741446e-03,7.433120e-01,2.717887e-02,6.666579e-01,6.143760e-02,9.302938e-03,3.087995e-04,1.523344e+02,4.382993e+04,1.904245e+02,4.305319e+04,3.110844e-01,9.112633e-01,9.543140e+00,3.910937e+01,1.574978e+01,1.007688e+02,478600700000000,2.408661e+30,7.169508e-01,2.249501e-01,4.087649e-01,3.744810e-02
sample7-195rpm-60kx-10,1.054037e-02,31,1.744340e-03,1.726735e-03,1.304729e+03,3050379,1.649832e-01,1.496477e-03,7.491822e-01,1.783083e-02,6.852172e-01,1.817924e-02,4.402632e-02,3.894200e-03,5.776867e+01,6.925281e+03,9.674410e+01,6.901950e+03,-3.241781e-01,7.714253e-01,1.034698e+01,2.029012e+01,1.753680e+01,1.113612e+02,6.742158e-01,1.560163e-02,6.457297e-01,4.205791e-02,3.463592e-01,3.746052e-03
sample7-195rpm-60kx-11,8.502616e-03,38,1.677833e-03,1.614260e-03,8.586088e+02,5.305724e+05,1.763459e-01,1.095698e-03,7.136366e-01,2.797732e-02,7.040302e-01,2.262251e-02,1.574320e-02,4.833578e-04,1.093397e+02,1.565277e+04,1.424592e+02,1.613204e+04,-2.454225e-01,8.706921e-01,9.044830e+00,7.321102e+00,1.531348e+01,3.984969e+01,6.969947e-01,1.597302e-02,7.164953e-01,6.252664e-02,3.569368e-01,2.647736e-03
sample7-195rpm-60kx-2,1.461930e-02,22,1.926745e-03,1.933591e-03,2.549941e+03,5902652,1.520149e-01,1.987837e-03,7.644313e-01,3.714817e-02,6.670113e-01,1.940512e-02,3.735882e-02,7.254052e-03,7.818343e+01,1.164433e+04,1.295405e+02,1.468594e+04,4.412355e-03,9.856248e-01,1.361700e+01,6.493154e+01,2.459465e+01,2.166212e+02,6.338763e-01,1.989947e-02,7.062419e-01,2.255828e-01,3.053963e-01,1.199496e-02
sample7-195rpm-60kx-3,7.081031e-03,22,1.362903e-03,1.333073e-03,1.235094e+03,1540810,1.510968e-01,1.168540e-03,8.075165e-01,1.879466e-02,5.996047e-01,2.245076e-02,3.524564e-02,2.083658e-03,1.561807e+02,4.590490e+04,1.985708e+02,5.087513e+04,-2.870063e-01,1.370435e+00,9.659038e+00,1.369010e+01,1.791682e+01,7.556527e+01,6.297803e-01,1.011637e-02,6.096904e-01,4.683623e-02,3.258904e-01,3.551747e-03
sample7-195rpm-60kx-4,3.336104e-03,10,6.147000e-04,6.098098e-04,1.280165e+03,9.751252e+05,1.478924e-01,1.163184e-03,8.252921e-01,2.018601e-02,5.683638e-01,4.640405e-02,4.140054e-03,1.406204e-05,1.965161e+02,3.387160e+04,2.381280e+02,3.507238e+04,1.362239e-01,1.563451e+00,9.425452e+00,2.566172e+01,1.792153e+01,9.589792e+01,562950000000000,3.169127e+30,4.935566e-01,9.734090e-03,4.090752e-01,4.013354e-02
sample7-195rpm-60kx-5,1.129199e-02,22,1.956575e-03,1.962932e-03,1.969583e+03,3540558,1.299775e-01,1.336300e-03,7.663616e-01,2.874037e-02,6.299738e-01,2.281854e-02,2.824957e-02,8.423411e-04,5.083309e+01,6.393468e+03,1.052352e+02,6.417864e+03,-3.983108e-01,8.524537e-01,1.181521e+01,2.567856e+01,2.265088e+01,1.192980e+02,5.834414e-01,1.514199e-02,5.295238e-01,2.806672e-02,3.028450e-01,4.854152e-03
sample7-195rpm-60kx-6,4.894616e-03,13,9.227835e-04,9.164262e-04,1.444780e+03,8.135442e+05,1.369122e-01,7.750481e-04,7.908971e-01,1.913268e-02,6.435212e-01,2.167730e-02,3.389439e-02,9.571834e-03,2.450749e+02,7.164907e+04,3.008230e+02,7.342658e+04,-4.098540e-01,1.176314e+00,1.113458e+01,6.741632e+00,2.050861e+01,4.255831e+01,5.763138e-01,9.532191e-03,5.973470e-01,5.665547e-02,3.142092e-01,6.617461e-03
sample7-195rpm-60kx-7,7.616020e-03,21,1.196147e-03,1.161426e-03,1.391666e+03,2319280,1.607105e-01,7.274114e-04,7.701197e-01,3.001515e-02,6.483110e-01,2.808738e-02,1.508633e-02,4.579095e-04,1.326014e+02,2.100411e+04,1.744394e+02,2.197605e+04,-3.994647e-01,1.112455e+00,1.137892e+01,2.561499e+01,1.900336e+01,8.594627e+01,6.598124e-01,8.443410e-03,7.089538e-01,7.307140e-02,3.291461e-01,2.681603e-03
sample7-195rpm-60kx-8,4.353269e-03,13,7.477138e-04,7.281530e-04,1.284986e+03,8.637784e+05,1.578440e-01,1.186139e-03,7.293902e-01,3.316703e-02,6.856217e-01,4.077142e-02,5.599378e-03,2.144029e-05,1.293786e+02,2.356187e+04,1.730833e+02,2.317371e+04,-9.440391e-01,2.426409e-01,1.157558e+01,1.481353e+01,1.909684e+01,4.802917e+01,6.279981e-01,9.013254e-03,6.741011e-01,8.205612e-02,3.342109e-01,2.503668e-03
sample7-195rpm-60kx-9,9.133943e-03,28,1.676855e-03,1.625507e-03,1.251776e+03,789100,1.524727e-01,9.466965e-04,7.888275e-01,2.420154e-02,6.195020e-01,3.338365e-02,3.172567e-02,1.610203e-03,5.725453e+01,1.193887e+04,1.077453e+02,1.234048e+04,-4.756187e-01,1.149184e+00,1.024440e+01,1.105445e+01,1.861597e+01,5.382036e+01,6.268922e-01,1.348887e-02,6.081422e-01,7.526521e-02,3.419916e-01,3.029475e-03
sample7-20rpm-60kx-10,5.434985e-03,10,8.435620e-04,8.425840e-04,2.085570e+03,7121775,1.462069e-01,2.597218e-03,6.713887e-01,7.767196e-02,6.985056e-01,4.985354e-02,9.743406e-03,1.629600e-04,2.579858e+02,8.735735e+04,3.180293e+02,9.726730e+04,-1.040733e-01,6.093151e-01,1.128849e+01,4.549019e+01,2.116827e+01,2.397354e+02,6.209327e-01,2.915533e-02,6.293176e-01,8.310379e-02,2.626137e-01,9.096191e-03
sample7-20rpm-60kx-11,1.098978e-02,22,1.917453e-03,1.930657e-03,1.916870e+03,2741048,1.330215e-01,1.832555e-03,8.652732e-01,8.551423e-03,5.491001e-01,3.469047e-02,3.520478e-02,5.470994e-03,6.051431e+01,6.206798e+03,1.203062e+02,8.220120e+03,-1.211473e-01,5.871665e-01,1.083139e+01,2.475907e+01,2.197448e+01,1.333419e+02,342887700000000,2.079523e+30,4.805178e-01,7.594683e-02,3.615974e-01,2.578240e-02
sample7-20rpm-60kx-2,1.138100e-02,11,1.173163e-03,1.179520e-03,3.970214e+03,37711680,1.296086e-01,5.382833e-04,7.390177e-01,5.737448e-02,6.635897e-01,3.855985e-02,1.650938e-02,2.331261e-04,2.147029e+02,5.598163e+04,2.872583e+02,6.523855e+04,-2.768930e-01,5.267947e-01,1.530154e+01,1.200060e+02,2.954651e+01,4.298387e+02,5.982611e-01,3.897051e-03,5.065767e-01,2.923423e-02,3.060752e-01,3.957037e-03
sample7-20rpm-60kx-3,5.332779e-03,15,8.821947e-04,8.924642e-04,1.364233e+03,5.415345e+05,1.602187e-01,1.035408e-03,7.749903e-01,1.924516e-02,6.550603e-01,2.357617e-02,8.445841e-03,6.177704e-05,1.530774e+02,2.406398e+04,1.998128e+02,2.324295e+04,7.215232e-02,8.112266e-01,1.212954e+01,6.159119e+00,2.008697e+01,3.296002e+01,6.372871e-01,1.338779e-02,6.528475e-01,9.244243e-02,3.354020e-01,2.436916e-03
sample7-20rpm-60kx-5,4.100934e-03,11,7.423346e-04,7.423346e-04,1.430594e+03,1127508,1.438497e-01,1.087780e-03,7.835502e-01,2.426153e-02,6.535008e-01,4.364817e-02,6.164366e-03,5.034260e-05,1.929249e+02,3.520040e+04,2.472321e+02,4.079963e+04,4.465185e-01,4.007528e-01,1.007053e+01,1.341932e+01,1.985966e+01,6.706271e+01,5.832282e-01,1.749858e-02,4.886359e-01,5.018758e-02,3.446321e-01,3.993554e-03
sample7-20rpm-60kx-6,1.253215e-02,21,1.945327e-03,1.939948e-03,2.289986e+03,5052562,1.346672e-01,1.420227e-03,8.320165e-01,9.133553e-03,5.792885e-01,3.218528e-02,1.761423e-02,2.217504e-04,1.274311e+02,4.455607e+04,1.868970e+02,4.592729e+04,8.333849e-02,2.549087e-01,1.185271e+01,3.021930e+01,2.349307e+01,1.858506e+02,76984610000000,1.244592e+29,4.365538e-01,2.982314e-02,3.615308e-01,1.967263e-02
sample7-20rpm-60kx-7,8.970121e-03,20,1.680278e-03,1.690547e-03,1.721055e+03,2112863,1.320543e-01,2.285500e-03,7.789650e-01,4.736739e-02,6.234712e-01,3.113072e-02,1.483122e-02,2.107059e-04,9.591160e+01,1.971010e+04,1.555774e+02,2.100383e+04,5.981952e-02,4.827596e-01,9.766128e+00,2.555226e+01,2.071206e+01,1.250941e+02,5.696749e-01,2.884598e-02,4.869948e-01,8.573812e-02,3.009590e-01,8.330463e-03
sample7-20rpm-60kx-8,7.679104e-03,19,1.336985e-03,1.310089e-03,1.550898e+03,1059468,1.471004e-01,1.080234e-03,7.968212e-01,2.166034e-02,6.254232e-01,2.875918e-02,2.970362e-02,3.620047e-03,1.533487e+02,7.748795e+04,1.972715e+02,7.932265e+04,1.708130e-02,3.118076e-01,1.146849e+01,1.295682e+01,2.090426e+01,5.982692e+01,6.284971e-01,1.401095e-02,5.247021e-01,4.758836e-02,3.443388e-01,2.179196e-03
sample7-20rpm-60kx-9,1.423199e-02,14,1.742873e-03,1.795687e-03,3.900893e+03,10192570,1.279495e-01,1.180519e-03,8.778173e-01,5.990381e-03,4.941937e-01,3.212782e-02,3.659583e-02,2.297119e-03,2.038547e+02,2.186539e+04,2.859244e+02,2.267390e+04,-1.360758e-02,2.882738e-01,1.727442e+01,6.798305e+01,3.171423e+01,2.540465e+02,41646810000000,2.428239e+28,3.723446e-01,2.214910e-02,3.833439e-01,3.080965e-02
sample7-20rpm-60kx,8.831239e-03,17,1.334051e-03,1.335029e-03,1.993421e+03,4652110,1.448740e-01,9.713941e-04,8.202087e-01,1.433573e-02,5.918317e-01,2.458630e-02,1.500025e-02,3.428567e-04,1.796720e+02,3.936754e+04,2.301484e+02,3.661388e+04,-1.089658e-01,7.675680e-01,1.174709e+01,3.015578e+01,2.225121e+01,1.481222e+02,6.303210e-01,1.746504e-02,5.461918e-01,4.413142e-02,3.455187e-01,9.328248e-03
sample8-195rpm-60kx-1,1.565602e-02,44,2.465157e-03,2.471025e-03,1.365385e+03,5877505,1.560935e-01,1.260882e-03,7.988104e-01,3.017047e-02,5.941389e-01,3.983985e-02,2.262201e-02,4.483344e-04,8.542524e+01,1.048322e+04,1.298496e+02,1.055099e+04,-3.790848e-01,4.775267e-01,9.414158e+00,2.360600e+01,1.737237e+01,1.359049e+02,6.538155e-01,1.461897e-02,5.200627e-01,5.902518e-02,3.746475e-01,1.983800e-03
sample8-195rpm-60kx-10,4.613037e-02,93,4.997799e-03,4.934227e-03,1.903401e+03,80049610,1.714751e-01,9.086914e-04,8.112559e-01,2.195223e-02,5.818957e-01,3.222724e-02,4.683759e-02,5.069172e-03,6.221448e+01,2.279716e+03,1.055122e+02,2.870876e+03,3.416371e-01,9.416517e-01,9.600793e+00,3.787364e+01,1.749239e+01,3.031473e+02,7.036610e-01,1.537793e-02,6.322010e-01,6.392471e-02,3.738352e-01,3.327342e-03
sample8-195rpm-60kx-2,1.859064e-02,59,3.464717e-03,3.470585e-03,1.209118e+03,1794914,1.401232e-01,9.577748e-04,7.844475e-01,1.825398e-02,6.448978e-01,2.335069e-02,2.445360e-02,5.809667e-04,6.333985e+01,4.905084e+03,1.049155e+02,5.442067e+03,-4.758858e-02,6.737320e-01,9.720618e+00,2.692222e+01,1.755482e+01,7.802504e+01,6.111916e-01,1.244989e-02,5.414863e-01,3.379111e-02,3.246049e-01,3.975873e-03
sample8-195rpm-60kx-3,1.899702e-02,41,3.074478e-03,3.104308e-03,1.777984e+03,4040004,1.429207e-01,1.170458e-03,8.182744e-01,1.887459e-02,5.966127e-01,2.833453e-02,3.067128e-02,2.084699e-03,9.692775e+01,1.038121e+04,1.494979e+02,1.111029e+04,-5.276169e-01,4.298839e-01,1.105722e+01,3.958094e+01,2.083711e+01,1.350590e+02,6.148687e-01,1.345236e-02,4.936234e-01,4.467731e-02,3.476789e-01,4.774239e-03
sample8-195rpm-60kx-4,1.525943e-02,75,3.371314e-03,3.268130e-03,7.807343e+02,688820,1.580443e-01,1.064537e-03,7.852401e-01,2.922940e-02,6.215403e-01,3.162842e-02,2.822869e-02,1.458159e-03,5.255555e+01,3.172096e+03,8.935015e+01,2.941978e+03,-2.649803e-01,1.042051e+00,7.892793e+00,8.017759e+00,1.438894e+01,4.203420e+01,6.642644e-01,1.481103e-02,6.270841e-01,5.648119e-02,3.490576e-01,3.235974e-03
sample8-195rpm-60kx-5,2.061030e-02,40,2.986454e-03,3.007971e-03,1.977200e+03,6966542,1.473249e-01,1.265833e-03,7.901139e-01,1.283522e-02,6.465122e-01,2.235201e-02,2.784063e-02,1.308581e-03,9.137857e+01,4.857720e+03,1.417518e+02,6.203940e+03,-2.977835e-01,1.038015e+00,1.173746e+01,5.352120e+01,2.123771e+01,1.828942e+02,6.265055e-01,1.089415e-02,5.898400e-01,5.097980e-02,3.279893e-01,4.781582e-03
sample8-195rpm-60kx-6,1.288572e-02,66,2.853440e-03,2.726295e-03,7.491883e+02,4.496839e+05,1.627176e-01,1.117869e-03,7.544903e-01,2.770742e-02,6.729994e-01,2.991388e-02,2.626151e-02,1.326506e-03,6.870563e+01,6.170206e+03,1.019834e+02,7.035818e+03,5.909990e-02,5.895407e-01,8.169263e+00,8.048023e+00,1.421250e+01,3.704020e+01,6.638153e-01,1.623752e-02,5.954623e-01,4.635635e-02,3.669177e-01,2.554826e-03
sample8-195rpm-60kx-7,1.689276e-02,78,3.432931e-03,3.344418e-03,8.310599e+02,4.545797e+05,1.676250e-01,1.077891e-03,7.817129e-01,2.849743e-02,6.169662e-01,3.317454e-02,2.485427e-02,6.104148e-04,7.171793e+01,5.490073e+03,1.061262e+02,6.127478e+03,1.091138e-01,4.965102e-01,8.715521e+00,1.020192e+01,1.515331e+01,3.536524e+01,6.896746e-01,1.030090e-02,5.639648e-01,4.917980e-02,3.842309e-01,2.677375e-03
sample8-195rpm-60kx-8,2.005477e-02,70,3.518509e-03,3.451514e-03,1.099375e+03,1533858,1.725594e-01,1.404292e-03,7.510307e-01,2.737094e-02,6.592693e-01,3.241492e-02,2.905849e-02,1.197431e-03,7.727144e+01,3.619338e+03,1.178321e+02,3.713343e+03,8.667555e-02,7.540584e-01,9.602267e+00,1.312293e+01,1.670932e+01,7.176601e+01,7.041693e-01,1.438480e-02,6.641669e-01,6.117635e-02,3.634761e-01,3.307652e-03
sample8-195rpm-60kx-9,2.362218e-02,99,4.714167e-03,4.562570e-03,9.156114e+02,1173020,1.671476e-01,1.141903e-03,7.926567e-01,2.029187e-02,6.148661e-01,2.972657e-02,3.727076e-02,1.627171e-03,4.980230e+01,2.817375e+03,8.693773e+01,2.884616e+03,3.851043e-02,1.030854e+00,8.628999e+00,9.032706e+00,1.547033e+01,5.264893e+01,6.775017e-01,1.843064e-02,6.401258e-01,6.897698e-02,3.617208e-01,2.952283e-03
sample8-20rpm-60kx-1,2.683114e-02,26,2.649029e-03,2.676904e-03,3.959972e+03,76049460,1.585313e-01,1.402291e-03,7.668624e-01,3.321836e-02,6.228428e-01,3.204896e-02,4.049124e-02,3.957922e-03,9.567115e+01,4.800972e+03,1.583738e+02,6.185756e+03,1.548625e-01,6.477749e-01,1.504055e+01,7.390929e+01,2.717809e+01,5.427238e+02,6.657769e-01,1.232687e-02,5.822408e-01,6.375523e-02,3.486169e-01,2.747243e-03
sample8-20rpm-60kx-10,2.371656e-02,16,1.727713e-03,1.714020e-03,5.687981e+03,109185300,1.665562e-01,1.309231e-03,8.042951e-01,2.576969e-02,5.764539e-01,3.942239e-02,4.290292e-02,5.236397e-03,1.173490e+02,2.707560e+04,1.915042e+02,3.026486e+04,-3.873333e-01,8.614636e-01,1.701057e+01,1.827490e+02,3.100053e+01,9.061414e+02,7.069120e-01,1.521318e-02,6.145171e-01,7.577651e-02,3.702014e-01,4.132822e-03
sample8-20rpm-60kx-2a,2.242359e-02,21,1.696904e-03,1.727224e-03,4.097436e+03,94843350,1.484946e-01,7.376117e-04,8.008416e-01,3.235528e-02,5.993789e-01,3.022714e-02,2.554619e-02,2.259253e-03,1.125953e+02,1.765267e+04,1.697932e+02,2.611776e+04,-2.593426e-01,6.411358e-01,1.293248e+01,1.789578e+02,2.436961e+01,7.458953e+02,6.525912e-01,1.143123e-02,5.404954e-01,5.143532e-02,3.512457e-01,2.834940e-03
sample8-20rpm-60kx-2b,1.181354e-01,10,2.229938e-03,2.317962e-03,4.533214e+04,18867090000,1.576965e-01,1.643908e-03,8.529865e-01,1.229358e-02,5.345003e-01,2.958807e-02,5.914135e-02,1.224503e-02,2.123229e+02,8.746048e+04,3.879399e+02,1.172912e+05,-2.245857e-01,1.554964e-01,2.724594e+01,2.667598e+03,5.530278e+01,1.263475e+04,6.997279e-01,7.692082e-03,4.859678e-01,5.026182e-02,3.770543e-01,1.953649e-03
sample8-20rpm-60kx-3,1.277617e-02,25,1.949240e-03,1.914030e-03,1.961043e+03,4495850,1.445613e-01,1.062679e-03,8.247570e-01,1.534927e-02,5.790415e-01,3.519410e-02,1.655771e-02,3.059815e-04,5.172212e+01,2.978823e+03,1.074527e+02,4.171742e+03,6.192375e-01,5.333774e-01,1.145328e+01,3.263482e+01,2.207595e+01,1.425749e+02,6.224170e-01,1.225409e-02,5.671639e-01,6.625844e-02,3.351829e-01,4.140696e-03
sample8-20rpm-60kx-4,5.091203e-03,12,6.660472e-04,6.459974e-04,1.628042e+03,7969165,1.682682e-01,7.302206e-04,7.112353e-01,3.631317e-02,6.853489e-01,3.219884e-02,1.568302e-02,1.431014e-03,2.157668e+02,4.210225e+04,2.630757e+02,4.193534e+04,1.637613e-01,2.709101e-01,1.167417e+01,6.422441e+01,1.882034e+01,1.789273e+02,6.855276e-01,1.848083e-02,6.095000e-01,6.003945e-02,3.696247e-01,1.553129e-03
sample8-20rpm-60kx-5,5.325933e-03,20,1.035258e-03,1.007873e-03,1.021862e+03,1509636,1.561355e-01,1.184764e-03,7.639322e-01,2.958695e-02,6.567910e-01,3.702871e-02,1.929543e-02,2.535611e-03,9.246574e+01,1.975783e+04,1.340345e+02,2.382492e+04,1.873231e-01,7.353436e-01,8.728713e+00,1.826770e+01,1.589899e+01,7.630592e+01,6.438548e-01,1.348685e-02,5.682590e-01,5.271785e-02,3.524597e-01,3.460317e-03
sample8-20rpm-60kx-6,1.126705e-02,31,1.989339e-03,1.977603e-03,1.394682e+03,3291869,1.484141e-01,1.297190e-03,7.991818e-01,2.713360e-02,6.071238e-01,3.868707e-02,4.311452e-02,2.489410e-03,6.528436e+01,1.228232e+04,1.129688e+02,1.326337e+04,1.933573e-02,1.101080e+00,9.699760e+00,1.949832e+01,1.850158e+01,1.050202e+02,6.188513e-01,1.776137e-02,6.273823e-01,9.690377e-02,3.298999e-01,3.959866e-03
sample8-20rpm-60kx-7,1.073109e-02,19,1.804978e-03,1.800577e-03,2.167287e+03,3366468,1.240654e-01,1.103625e-03,8.373366e-01,4.939517e-03,6.299456e-01,1.253358e-02,3.794081e-02,1.835984e-03,8.763676e+01,4.855718e+04,1.477078e+02,4.660490e+04,8.073927e-02,5.272885e-01,1.182691e+01,2.812107e+01,2.407283e+01,1.164995e+02,5.662092e-01,1.672722e-02,4.756812e-01,2.163975e-02,3.002101e-01,4.025384e-03
sample8-20rpm-60kx-8,4.875055e-03,19,9.408773e-04,9.394102e-04,9.845829e+02,7.479845e+05,1.512715e-01,7.299361e-04,7.720709e-01,1.804419e-02,6.685315e-01,2.139522e-02,1.931720e-02,2.116133e-03,5.863697e+01,7.577920e+03,9.660562e+01,8.486495e+03,3.919027e-01,5.443094e-01,9.582129e+00,1.108626e+01,1.647115e+01,4.444283e+01,6.371834e-01,1.397350e-02,5.693698e-01,3.374376e-02,3.408759e-01,1.538782e-03
sample8-20rpm-60kx-9,6.179275e-03,24,1.191745e-03,1.144310e-03,9.879902e+02,4.727219e+05,1.609516e-01,7.469007e-04,8.352876e-01,7.216818e-03,6.022765e-01,1.576102e-02,9.671355e-03,7.473946e-05,1.572412e+02,2.252357e+04,1.959194e+02,2.383775e+04,-2.297477e-01,1.259388e+00,9.435442e+00,9.494649e+00,1.676515e+01,3.486958e+01,6.482734e-01,1.126980e-02,5.880497e-01,3.273347e-02,3.608482e-01,1.831054e-03
sample9-195rpm-60kx-10,1.282361e-02,57,2.567852e-03,2.483251e-03,8.633001e+02,3.174307e+05,1.644281e-01,6.023714e-04,7.633398e-01,2.446044e-02,6.595628e-01,2.932711e-02,2.016019e-02,5.325197e-04,9.264971e+01,7.214145e+03,1.273625e+02,7.827893e+03,-1.253602e-01,1.025643e+00,9.300277e+00,8.199202e+00,1.571793e+01,2.823911e+01,6.592560e-01,8.431453e-03,6.577551e-01,5.122895e-02,3.492458e-01,2.378425e-03
sample9-195rpm-60kx-11,8.950071e-03,46,1.875886e-03,1.831385e-03,7.466121e+02,2.916052e+05,1.702388e-01,9.883139e-04,7.381301e-01,4.443839e-02,6.606970e-01,2.718457e-02,1.846025e-02,4.371103e-04,7.680667e+01,6.477512e+03,1.111155e+02,6.904570e+03,2.609825e-01,7.588535e-01,8.531377e+00,1.059432e+01,1.441066e+01,3.065315e+01,6.948879e-01,1.291198e-02,6.811334e-01,5.836934e-02,3.409620e-01,4.126363e-03
sample9-195rpm-60kx-13,6.897159e-03,53,1.689569e-03,1.630398e-03,4.993680e+02,1.385034e+05,1.761317e-01,8.954006e-04,7.385112e-01,3.534470e-02,6.641097e-01,3.429072e-02,1.294156e-02,1.841045e-04,8.975894e+01,1.098293e+04,1.180457e+02,1.128953e+04,5.534794e-02,8.269092e-01,7.126493e+00,5.542604e+00,1.192545e+01,1.705941e+01,7.083194e-01,1.349370e-02,6.831087e-01,6.833062e-02,3.746907e-01,2.624697e-03
sample9-195rpm-60kx-2,6.896181e-03,37,1.676366e-03,1.612793e-03,7.152095e+02,2.115521e+05,1.551821e-01,9.729825e-04,7.470748e-01,2.436956e-02,6.821250e-01,2.278948e-02,1.239881e-02,1.576178e-04,7.091903e+01,5.835558e+03,1.046382e+02,5.928412e+03,-1.193197e-01,4.765980e-01,8.466081e+00,8.171846e+00,1.435587e+01,2.216626e+01,6.443601e-01,1.102456e-02,6.000429e-01,4.817325e-02,3.377260e-01,2.087928e-03
sample9-195rpm-60kx-2b,7.096191e-03,37,1.690547e-03,1.641645e-03,7.359527e+02,208275,1.526775e-01,1.173651e-03,7.657049e-01,2.743387e-02,6.523059e-01,2.067826e-02,1.445135e-02,4.578166e-04,8.230037e+01,1.007661e+04,1.139493e+02,1.014343e+04,-7.955463e-02,7.177670e-01,8.806114e+00,8.077902e+00,1.465752e+01,1.995755e+01,6.497952e-01,1.174722e-02,5.823327e-01,4.600415e-02,3.417598e-01,2.513196e-03
sample9-195rpm-60kx-2c,9.656707e-03,50,2.174189e-03,2.113062e-03,7.411147e+02,2.439572e+05,1.579783e-01,7.942060e-04,8.183300e-01,1.451632e-02,5.982558e-01,2.394336e-02,1.377368e-02,2.038153e-04,9.679112e+01,7.538757e+03,1.326246e+02,7.184318e+03,-3.734172e-02,5.782811e-01,8.357171e+00,7.814453e+00,1.454330e+01,2.489434e+01,6.718314e-01,1.347862e-02,5.663653e-01,5.724183e-02,3.657268e-01,3.368252e-03
sample9-195rpm-60kx-3,1.133552e-02,44,2.409898e-03,2.355127e-03,9.885873e+02,511184,1.528748e-01,9.536744e-04,7.811283e-01,2.358976e-02,6.494627e-01,2.571615e-02,1.529618e-02,1.625934e-04,1.208653e+02,4.183453e+03,1.665057e+02,4.346147e+03,1.459435e-02,8.026546e-01,9.724738e+00,4.867967e+00,1.695941e+01,2.768472e+01,6.289007e-01,1.228055e-02,5.893263e-01,5.506355e-02,3.375277e-01,2.530885e-03
sample9-195rpm-60kx-4,9.342755e-03,54,2.264658e-03,2.198151e-03,6.639075e+02,1.254175e+05,1.535016e-01,6.734090e-04,7.575450e-01,2.104294e-02,6.715644e-01,2.700690e-02,1.860644e-02,1.120775e-03,6.121464e+01,4.930954e+03,9.540633e+01,5.030485e+03,8.635152e-02,5.716897e-01,8.254511e+00,6.027906e+00,1.401904e+01,1.507388e+01,6.450382e-01,8.074877e-03,5.780365e-01,3.074008e-02,3.473547e-01,1.949612e-03
sample9-195rpm-60kx-5,9.948164e-03,49,2.034818e-03,1.968311e-03,7.790641e+02,1.920601e+05,1.709634e-01,6.799633e-04,7.566378e-01,2.479252e-02,6.745145e-01,2.208691e-02,1.273207e-02,1.163545e-04,1.160774e+02,8.290009e+03,1.518185e+02,8.315004e+03,-1.244951e-01,9.352438e-01,9.468170e+00,5.713570e+00,1.519528e+01,1.744312e+01,6.883633e-01,8.731430e-03,6.494530e-01,5.336723e-02,3.626156e-01,1.495244e-03
sample9-195rpm-60kx-6,1.303829e-02,54,2.524818e-03,2.447552e-03,9.265167e+02,6.261693e+05,1.671525e-01,6.769574e-04,7.519956e-01,2.357882e-02,6.716983e-01,2.168876e-02,1.730015e-02,2.226024e-04,8.763464e+01,6.514288e+03,1.230174e+02,6.475430e+03,-6.005835e-02,1.053807e+00,9.923194e+00,6.917453e+00,1.627352e+01,3.065979e+01,6.716460e-01,7.768721e-03,6.993936e-01,3.301821e-02,3.385588e-01,2.093344e-03
sample9-195rpm-60kx-7,1.289012e-02,61,2.605995e-03,2.513081e-03,8.108740e+02,1.881027e+05,1.687656e-01,5.653892e-04,7.722657e-01,2.188259e-02,6.586464e-01,2.649267e-02,1.772803e-02,2.945111e-04,8.986574e+01,6.071905e+03,1.258349e+02,6.292573e+03,-2.740999e-01,7.747863e-01,9.478047e+00,5.091500e+00,1.554752e+01,1.665705e+01,6.747481e-01,1.095044e-02,6.361105e-01,4.490873e-02,3.644514e-01,2.448882e-03
sample9-195rpm-60kx-8,9.803413e-03,40,1.935058e-03,1.873930e-03,9.404673e+02,3.943471e+05,1.586451e-01,7.670657e-04,7.509677e-01,2.181058e-02,6.825123e-01,2.878525e-02,1.498467e-02,3.669912e-04,9.114607e+01,1.048405e+04,1.302127e+02,1.061905e+04,-2.062529e-01,7.860538e-01,1.020433e+01,9.883059e+00,1.659236e+01,2.467026e+01,6.293277e-01,1.265343e-02,6.345960e-01,7.340554e-02,3.473164e-01,2.730899e-03
sample9-20rpm-60kx-10,3.851533e-03,18,8.636119e-04,8.376938e-04,8.210838e+02,2.966867e+05,1.479453e-01,3.382374e-04,8.126474e-01,9.308817e-03,6.405493e-01,1.364537e-02,5.307981e-03,2.433624e-05,2.184793e+02,4.590849e+04,2.568050e+02,4.785494e+04,9.835615e-02,1.117533e+00,8.636613e+00,7.672488e+00,1.536026e+01,2.691699e+01,6.335722e-01,1.007910e-02,6.461322e-01,4.506081e-02,3.177410e-01,2.528873e-03
sample9-20rpm-60kx-2,7.581789e-03,35,1.741894e-03,1.681256e-03,8.312468e+02,2.110349e+05,1.484285e-01,7.458160e-04,6.934710e-01,2.744174e-02,7.371620e-01,1.771232e-02,1.674224e-02,4.105280e-04,7.278710e+01,9.474080e+03,1.086728e+02,9.472030e+03,2.059018e-01,8.252804e-01,9.368016e+00,7.569547e+00,1.559402e+01,2.205076e+01,6.031463e-01,1.172794e-02,6.531040e-01,3.845311e-02,3.126824e-01,1.948253e-03
sample9-20rpm-60kx-5,1.152721e-02,40,2.289599e-03,2.233850e-03,1.105836e+03,5.719829e+05,1.480686e-01,7.839466e-04,7.873727e-01,1.379628e-02,6.490418e-01,1.820025e-02,1.525548e-02,1.917720e-04,9.728813e+01,8.566792e+03,1.369132e+02,9.728310e+03,1.790480e-01,8.131745e-01,1.009217e+01,1.135185e+01,1.766705e+01,4.089639e+01,6.304120e-01,8.945068e-03,6.102637e-01,3.636617e-02,3.229434e-01,3.510962e-03
sample9-20rpm-60kx-6,4.108758e-03,16,8.655680e-04,8.533425e-04,9.854100e+02,4.771548e+05,1.395609e-01,4.486910e-04,7.768564e-01,2.610208e-02,6.274973e-01,4.028377e-02,1.187846e-02,4.761043e-04,1.906178e+02,2.294726e+04,2.342960e+02,2.501882e+04,2.135363e-01,1.042642e+00,9.720041e+00,1.706793e+01,1.674262e+01,3.557374e+01,6.176044e-01,4.182865e-03,5.891963e-01,3.633999e-02,3.082868e-01,2.689014e-03
sample9-20rpm-60kx-7,7.244364e-03,22,1.396645e-03,1.422074e-03,1.263583e+03,1024168,1.432958e-01,1.034266e-03,7.581812e-01,1.396330e-02,6.766887e-01,2.221951e-02,1.177996e-02,1.738642e-04,1.570455e+02,1.647532e+04,1.999397e+02,1.754438e+04,-1.193363e-01,1.515125e+00,1.109146e+01,1.141390e+01,1.890271e+01,4.703679e+01,6.529759e-01,8.948595e-03,7.124013e-01,4.377261e-02,2.857237e-01,2.924045e-03
sample9-20rpm-60kx-9,6.568536e-03,32,1.515967e-03,1.477334e-03,7.876712e+02,2.875439e+05,1.508763e-01,7.451967e-04,8.084620e-01,1.355876e-02,6.212925e-01,2.425774e-02,1.606098e-02,3.103970e-04,5.924547e+01,7.049694e+03,9.254174e+01,7.562099e+03,-1.563211e-01,7.641383e-01,8.371956e+00,7.189827e+00,1.500552e+01,2.638227e+01,6.271547e-01,1.023699e-02,5.729624e-01,3.904602e-02,3.354734e-01,2.858267e-03
sample9-20rpm-60kx,1.321483e-02,31,2.006455e-03,2.010367e-03,1.635785e+03,1022053,1.498446e-01,6.808882e-04,6.899008e-01,2.352796e-02,7.227791e-01,2.079332e-02,1.733721e-02,2.928432e-04,1.298723e+02,1.434854e+04,1.806709e+02,1.555666e+04,9.897663e-02,1.025761e+00,1.448505e+01,3.645768e+01,2.154710e+01,5.828906e+01,6.250865e-01,1.012979e-02,6.662629e-01,4.048262e-02,3.096310e-01,2.809714e-03
