-6.173404e-01,-7.641581e-01,-9.170591e-01,-9.224841e-01,-2.387836e-01,-1.105271e-01,5.290582e-01,-1.790796e-01,2.644629e-01,8.672491e-02,-4.784739e-01,1.727593e+00,-1.084689e+00,-4.026265e-01,7.649394e-01,1.334578e+00,5.923674e-01,1.414542e+00,-1.427654e+00,1.117177e+00,8.570718e-02,-2.484410e-01,-1.555324e-02,-2.645057e-01,-1.351642e-01,-1.262489e-01,1.020968e+00,1.010445e+00,2.134972e-01,-3.039902e-01
1.610111e-01,-1.787164e-01,1.014995e-01,1.109881e-01,-7.338497e-02,-9.946686e-02,-6.552771e-01,-5.071004e-01,-6.141270e-01,-1.050653e+00,5.079377e-01,-1.171200e+00,-4.733834e-01,-3.608100e-01,-6.567209e-03,-4.927186e-01,-6.315075e-03,-5.120868e-01,-4.950917e-01,1.016495e+00,4.603668e-01,-5.474478e-02,1.861187e-01,-1.163817e-01,-1.351642e-01,-1.262489e-01,8.608592e-01,-9.618319e-01,-1.898417e+00,-2.542369e-01
-3.324701e-01,-3.235602e-02,-1.696779e-01,-2.011853e-01,-3.457409e-01,-1.102311e-01,-7.597801e-01,-9.484259e-01,7.612288e-01,-8.919285e-01,-8.834789e-01,-3.541987e-01,-6.130313e-01,-3.817389e-01,-2.846619e-01,-2.073748e-01,-3.515350e-01,-2.409611e-01,-4.603219e-01,2.070010e+00,-6.336682e-01,-2.678120e-01,-4.981497e-01,-2.639720e-01,-1.351642e-01,-1.262489e-01,-1.284427e-01,-2.945809e-01,-6.215111e-01,-4.223240e-01
-8.115641e-01,-8.129449e-01,-1.148343e+00,-1.149889e+00,-4.792502e-01,-1.114219e-01,6.141655e-02,1.504043e+00,-2.503138e-01,6.747138e-01,4.703022e-02,7.373180e-01,-1.058359e+00,-3.947156e-01,1.038950e+00,8.553336e-01,8.382310e-01,8.117329e-01,4.115835e-01,-1.356015e+00,-1.096269e+00,-3.078224e-01,-1.013736e+00,-3.246339e-01,-1.351642e-01,-1.262489e-01,-3.428918e-01,2.713517e-01,1.192515e-01,-6.369787e-01
-7.557374e-01,-5.690109e-01,-9.630129e-01,-9.686756e-01,-4.737260e-01,-1.114061e-01,-4.683961e-01,-1.379930e+00,1.298607e+00,-1.366792e+00,-1.006591e+00,-1.243228e+00,-5.008065e-01,-2.467700e-01,9.690932e-01,9.269567e-01,7.177086e-01,9.278744e-01,-3.689732e-01,-5.585023e-01,-1.104387e+00,-3.022518e-01,-9.830136e-01,-3.239246e-01,-1.351642e-01,-1.262489e-01,-1.488199e+00,-1.243232e+00,8.326935e-01,-2.428461e-01
-1.498651e-02,-5.690109e-01,-3.050147e-01,-2.636204e-01,1.410200e-01,-1.067981e-01,4.895910e-02,5.646128e-01,-1.292753e+00,-8.334394e-02,1.509018e+00,-1.154922e+00,-4.157839e-01,-3.559548e-01,4.099121e-01,-3.813136e-01,5.016663e-01,-4.572083e-01,1.941661e-01,4.892963e-01,1.674079e+00,-1.213512e-01,1.035473e+00,-2.140829e-01,-1.351642e-01,-1.262489e-01,1.205265e+00,-7.395655e-01,-1.363628e+00,1.770715e-01
1.001323e+00,-8.617317e-01,-1.398840e-01,-1.296138e-01,2.848620e+00,1.558757e-02,-2.210300e+00,-1.231125e+00,1.861692e+00,5.744751e-02,-1.996545e+00,2.214437e+00,4.681490e-01,-1.571262e-01,3.567134e+00,1.281189e+00,4.059809e+00,2.021132e+00,-1.714283e+00,-7.076508e-01,4.781748e+00,5.456158e-01,4.633549e+00,6.730523e-01,-1.351642e-01,-1.262489e-01,-2.184679e+00,-9.943871e-01,-4.592212e-01,-3.910580e-02
2.130418e-01,1.187314e+00,7.473785e-01,6.739158e-01,-3.585529e-01,-1.109693e-01,1.425484e+00,-8.238683e-01,-9.044327e-01,8.568830e-01,2.118953e-01,8.370397e-01,-1.257595e-01,-3.441813e-01,-4.654187e-01,-5.537043e-01,-5.128542e-01,-5.847310e-01,6.773321e-03,1.124070e+00,-2.114131e-01,-2.685037e-01,-4.644297e-01,-2.926789e-01,3.106403e-01,-2.646738e-02,1.139714e+00,-1.354513e-01,8.568085e-01,7.548366e-01
-4.698080e-01,-7.153713e-01,-7.908123e-01,-7.930463e-01,-1.117135e-01,-1.102354e-01,7.342217e-01,-1.151502e+00,1.361873e+00,-1.691960e+00,-8.059003e-01,-1.359299e+00,-9.251390e-01,-4.012889e-01,-5.517130e-02,-1.496320e-01,6.886879e-02,-1.330901e-01,-1.445646e+00,1.606231e+00,7.319230e-01,-2.501568e-01,4.433834e-01,-2.752760e-01,-1.351642e-01,-1.262489e-01,2.638943e-01,-6.934222e-01,1.420815e-01,-2.774072e-01
-3.449152e-01,1.821543e+00,5.186191e-01,4.140250e-01,-4.890467e-01,-1.114414e-01,4.092756e-01,-8.007501e-01,-6.585445e-01,-4.852274e-01,8.289348e-01,-8.410463e-01,-3.152774e-01,-2.839813e-01,-5.260858e-01,-6.003899e-01,-6.766657e-01,-6.360614e-01,-3.377106e-01,1.628407e-01,-1.102512e+00,-3.086830e-01,-1.068655e+00,-3.293256e-01,-1.351642e-01,-1.262489e-01,5.783793e-01,-5.170358e-01,3.851936e-02,-5.041139e-01
2.381976e-01,2.748492e+00,2.216385e+00,2.155090e+00,-4.409000e-01,-1.112903e-01,-1.087271e+00,-5.721056e-01,-2.552867e-01,-5.884266e-01,7.226231e-01,-9.591572e-01,-3.438945e-03,-2.597597e-01,-7.332743e-01,-6.524053e-01,-8.319345e-01,-6.867749e-01,-1.700194e-01,6.456339e-01,-9.001875e-01,-2.874937e-01,-8.230718e-01,-3.140058e-01,-1.351642e-01,-1.262489e-01,2.938715e-01,-4.305320e-01,-1.621386e+00,-3.957880e-01
1.171318e-02,1.480035e+00,8.716050e-01,7.972622e-01,-4.170572e-01,-1.112565e-01,7.022354e-01,-3.190898e-01,-7.838426e-01,3.025230e-01,6.813644e-01,-4.613943e-01,4.059520e-01,-2.254649e-01,-7.614901e-01,-5.161791e-01,-8.430198e-01,-5.470748e-01,4.374598e-01,7.289428e-02,-6.239686e-01,-3.007047e-01,-6.883944e-01,-3.130949e-01,-1.351642e-01,-1.262489e-01,6.725317e-01,1.308692e-01,2.852376e-01,-3.281278e-01
1.313863e+00,1.140044e-01,1.065520e+00,1.140907e+00,2.286309e-01,-2.305962e-02,6.581145e-01,7.140715e-01,9.807412e-03,4.009192e-01,-2.422324e-01,2.591727e-01,1.896064e+00,1.106270e+00,-3.386258e-01,-4.890678e-01,-1.427462e-01,-5.510698e-01,5.407147e-01,-2.154128e-01,1.830348e-01,-8.969530e-02,3.127913e-01,2.485701e-01,-1.351642e-01,-1.262489e-01,6.454297e-01,4.227042e+00,8.006404e-01,-1.782049e-01
-1.233299e-01,-2.275032e-01,-6.565106e-02,-5.601204e-02,-1.900553e-01,-1.054973e-01,-8.916327e-01,-4.213367e-01,-3.319501e-01,2.428385e+00,-2.720791e-01,1.398611e+00,8.080236e-01,4.653531e-01,-8.469761e-01,-5.004667e-01,-8.499188e-01,-5.303177e-01,-9.216888e-01,-1.308225e+00,-1.910766e-01,-2.271928e-01,-1.193344e-01,-1.647220e-01,-1.351642e-01,-1.262489e-01,-1.441920e+00,-5.453913e-01,4.132566e-01,-3.877264e-01
-4.526408e-01,1.528822e+00,1.161446e-01,2.114278e-02,-4.983717e-01,-1.114578e-01,1.189393e+00,-9.285281e-01,-9.698136e-01,1.466884e-01,8.496856e-01,-6.019215e-01,-6.544967e-01,-3.697532e-01,-7.029385e-01,-5.994778e-01,-8.527277e-01,-6.355427e-01,-1.258883e-01,1.270541e+00,-1.108601e+00,-3.118225e-01,-1.126785e+00,-3.316046e-01,-1.351642e-01,-1.262489e-01,1.564125e+00,-3.495404e-01,1.898485e-01,-3.966235e-01
-4.001682e-01,1.528822e+00,1.868427e-01,9.982136e-02,-4.895011e-01,-1.114194e-01,1.473622e+00,-9.453389e-01,-9.735341e-01,2.315276e-01,6.993569e-01,-4.742066e-01,-6.702228e-02,-1.235323e-01,-4.796079e-01,-4.920207e-01,-6.401270e-01,-5.231242e-01,-7.203458e-01,7.370113e-01,-1.039574e+00,-3.073343e-01,-1.084615e+00,-3.270248e-01,-1.351642e-01,-1.262489e-01,1.278912e+00,-1.096746e-01,6.416667e-01,-3.888488e-01
-7.981480e-01,-7.641581e-01,-1.153393e+00,-1.161056e+00,-4.745788e-01,-1.113733e-01,1.908592e+00,-6.241508e-01,-2.024741e+00,6.208986e-01,1.212008e+00,-6.815319e-01,-1.181214e+00,-4.026537e-01,7.580654e-01,1.765343e+00,5.382900e-01,1.774841e+00,-6.509652e-01,4.953909e-01,-7.732544e-01,-2.983998e-01,-9.973618e-01,-3.213070e-01,-1.351642e-01,-1.262489e-01,1.892315e+00,1.187019e+00,9.701223e-01,-6.378934e-01
-2.643307e-01,1.040954e+00,1.247290e-01,6.378132e-02,-4.432451e-01,-1.100907e-01,5.804508e-01,-1.078373e+00,-1.532352e-01,4.937199e-01,-1.654934e-01,-7.924504e-02,-3.189769e-01,-1.710708e-01,-6.040669e-01,-6.102071e-01,-7.117897e-01,-6.523934e-01,1.161195e+00,4.905869e-01,-9.404532e-01,-2.462157e-01,-9.510966e-01,-2.895602e-01,-1.351642e-01,-1.262489e-01,7.308731e-01,-3.023051e-01,1.541476e-01,-4.980102e-01
3.718278e-01,2.650918e+00,2.181542e+00,2.104838e+00,-4.217294e-01,-1.111464e-01,-7.513201e-01,-2.038014e-01,3.427750e-01,-4.936914e-01,3.395484e-02,-9.171491e-01,4.007517e-01,-1.215359e-01,-6.281429e-01,-6.250189e-01,-7.141668e-01,-6.614757e-01,-9.912194e-01,6.135678e-01,-7.920205e-01,-2.804219e-01,-7.403294e-01,-3.070630e-01,-1.351642e-01,-1.262489e-01,1.307025e-01,-5.532534e-01,-9.829422e-01,-7.404583e-02
-1.548399e-01,-7.153713e-01,-3.600584e-01,-3.362069e-01,2.476988e-01,-9.695946e-02,-1.564502e+00,2.206508e-01,-4.290225e-01,-7.965106e-01,9.957545e-01,-5.241718e-01,5.230935e-01,2.745928e-01,2.370925e-01,6.646661e-01,3.568863e-01,8.764678e-01,-3.546388e-01,-9.485826e-02,9.965663e-01,4.346886e-02,9.320761e-01,1.373384e-02,-1.351642e-01,-1.262489e-01,-1.657015e-01,-1.136907e+00,-1.854415e+00,7.486977e-01
-3.765136e-01,-8.129449e-01,-7.317288e-01,-7.280736e-01,1.826684e-01,-9.460931e-02,1.051887e-01,1.975455e+00,-1.629339e+00,2.051256e+00,1.032982e+00,1.112151e+00,-9.484348e-01,-3.936459e-01,1.918663e+00,-2.993382e-01,1.864182e+00,-4.184669e-01,1.333717e+00,-2.011535e-02,6.496827e-01,2.602275e-02,6.689442e-01,7.925555e-02,-1.351642e-01,-1.262489e-01,8.855934e-01,5.139796e-01,-5.693121e-01,3.953059e-01
-8.029143e-01,-8.129449e-01,-1.144303e+00,-1.147351e+00,-4.660897e-01,-1.114300e-01,5.129262e-01,-2.691607e-01,-1.467883e+00,4.200325e+00,1.137465e+00,8.070665e-01,-1.153169e+00,-4.022072e-01,-1.364853e-01,5.371996e-01,-2.971656e-01,5.140226e-01,-1.842355e+00,1.201479e+00,-8.345735e-01,-3.171329e-01,-9.126147e-01,-3.274762e-01,-1.351642e-01,-1.262489e-01,9.607407e-01,2.689042e-01,-2.606432e-01,-3.045600e-01
9.997663e-02,-2.275032e-01,-6.969077e-02,-8.088435e-02,-7.680349e-02,-1.010746e-01,6.513465e-01,8.519955e-01,-2.999054e-01,1.011647e+00,2.738923e-01,4.938260e-01,4.117394e+00,5.240214e+00,-5.464399e-01,-1.373061e-01,-5.441040e-01,-1.488504e-01,-1.479952e-01,3.301277e-01,2.004910e-01,7.721007e-02,6.375208e-02,-7.223564e-02,-1.351642e-01,-1.262489e-01,-2.121693e-01,2.480489e-01,8.329526e-01,-4.182981e-01
-5.887872e-01,-9.105185e-01,-8.902947e-01,-8.864445e-01,7.406103e-02,-9.789940e-02,-1.476178e-02,4.239555e+00,1.999649e-01,1.257616e+00,-5.979403e-01,4.445061e-01,-7.878477e-01,-3.766560e-01,1.792230e+00,8.229313e+00,2.013722e+00,7.506212e+00,-2.116546e+00,-1.233186e+00,3.828039e-02,-2.703609e-01,5.372522e-01,1.120430e-02,-1.351642e-01,-1.262489e-01,1.465826e+00,6.407166e+00,-1.002180e+00,1.929093e-01
-6.409508e-01,-7.641581e-01,-9.125142e-01,-9.153777e-01,-2.695745e-01,-1.101185e-01,6.113910e-01,1.206730e+00,6.989400e-01,2.682268e-01,-8.402701e-01,-1.083823e-01,-8.524532e-01,-3.761795e-01,-1.482347e-01,-3.139729e-01,-2.663189e-01,-3.106196e-01,1.591303e+00,-1.403614e+00,-2.067831e-01,-2.788920e-01,-1.603731e-01,-2.552571e-01,-1.351642e-01,-1.262489e-01,5.973412e-01,1.522534e+00,5.231955e-01,1.543947e-01
-2.500762e-01,-6.665845e-01,-4.792353e-01,-4.839183e-01,6.035218e-02,-1.033898e-01,-8.770699e-01,-3.160504e-01,1.965787e+00,-1.263683e+00,-1.824039e+00,-1.019093e+00,-2.092685e-01,-3.118538e-01,-3.590392e-01,9.934037e-02,-3.897613e-01,1.908326e-01,1.734640e+00,-1.345628e+00,5.696092e-01,-7.038299e-02,5.856856e-01,-8.773932e-02,-1.351642e-01,-1.262489e-01,-1.427754e+00,-6.139058e-01,4.005204e-01,-4.110748e-01
-4.227636e-01,-8.617317e-01,-6.332563e-01,-6.016814e-01,2.485649e-01,-1.045659e-01,-2.413901e+00,6.874270e-01,6.280811e-01,-1.051655e-01,-1.119477e+00,1.682197e+00,-8.034945e-01,-3.924472e-01,2.356820e+00,2.656078e+00,2.514132e+00,2.628775e+00,4.309037e-02,-1.624520e+00,7.991682e-01,9.048682e-02,1.109817e+00,-6.701614e-02,-1.351642e-01,-1.262489e-01,-2.532721e+00,-1.022931e+00,-5.297595e-01,1.709003e+00
4.053241e-01,-3.738636e-01,2.257261e-01,2.282435e-01,2.074721e-01,-2.890018e-02,7.260007e-01,9.742935e-01,6.691847e-01,4.706434e-01,-1.234475e+00,1.671317e+00,4.354408e+00,3.481647e+00,-9.201248e-01,-6.585739e-01,-8.062476e-01,-6.297008e-01,-3.625991e-01,2.253864e-01,-4.893811e-01,-2.004716e-01,5.512336e-02,3.405615e-01,-1.351642e-01,-1.262489e-01,-7.139918e-01,4.526774e-01,2.133479e+00,-3.664052e-01
2.971131e-01,-1.299296e-01,7.776516e-02,9.119152e-02,-3.604407e-02,-9.449618e-02,8.373427e-01,5.873326e-01,-2.635735e-01,1.656646e+00,-2.107923e-01,1.014125e+00,-5.859425e-02,-3.020066e-01,-4.846932e-01,-4.253240e-01,-4.781285e-01,-4.222343e-01,1.130880e+00,-3.846830e-01,3.894678e-03,-7.717978e-03,-9.862338e-03,1.111549e-02,-1.351642e-01,-1.262489e-01,4.493249e-01,1.122544e+00,7.439714e-01,-9.717407e-02
-7.553403e-01,-7.153713e-01,-1.071080e+00,-1.078317e+00,-4.375362e-01,-1.114120e-01,1.711062e+00,-6.379443e-02,-1.581285e+00,5.597513e-01,1.305896e+00,-5.078068e-01,-1.079797e+00,-4.006672e-01,-1.915093e-01,4.125165e-01,-3.363474e-01,3.722183e-01,-2.206493e+00,-1.112540e+00,-5.318230e-01,-3.040058e-01,-7.523013e-01,-3.243083e-01,-1.351642e-01,-1.262489e-01,1.590513e+00,2.308828e-01,5.821651e-01,-7.216044e-01
3.867002e-01,-7.641581e-01,-4.312615e-01,-3.697085e-01,1.070608e+00,7.405425e-02,-4.505850e-01,8.849471e-01,-2.854917e-01,-8.588401e-01,3.637612e-01,2.066381e-01,-1.409310e-01,-1.671783e-01,2.316782e-01,3.273098e-01,4.552488e-01,8.105421e-02,-5.647273e-01,2.140336e-01,1.597700e+00,1.328174e+00,1.369791e+00,1.026780e+00,-1.351642e-01,-1.262489e-01,7.871193e-02,-6.374103e-01,-4.693426e-01,7.609385e-01
-5.845947e-01,-3.250768e-01,-7.261740e-01,-7.285811e-01,-4.058604e-01,-1.112612e-01,1.421370e+00,-7.174399e-01,1.400846e-01,-3.909128e-01,-1.122075e-01,-5.935622e-01,-8.543813e-01,-3.947721e-01,5.251760e-01,4.240916e-01,3.559192e-01,4.162969e-01,-7.855826e-01,-1.108433e-01,-5.280409e-01,-2.984572e-01,-6.320533e-01,-3.108877e-01,-1.351642e-01,-1.262489e-01,3.308184e-01,1.914879e-01,1.086068e+00,-5.153080e-01
-6.267404e-01,-6.665845e-01,-8.751451e-01,-8.828914e-01,-3.217048e-01,-1.094532e-01,7.946684e-01,4.661255e-01,7.958482e-01,5.517937e-01,-1.606023e+00,1.247949e+00,-1.044638e+00,-3.996394e-01,7.793178e-01,1.452718e-02,8.034587e-01,-6.182717e-03,-5.225173e-01,-1.770108e+00,-5.232959e-01,-2.435136e-01,-4.623406e-01,-2.336743e-01,-1.351642e-01,-1.262489e-01,-1.205794e+00,-6.144609e-02,2.463019e+00,-5.128118e-01
-3.721004e-01,-5.690109e-01,-6.054820e-01,-6.032041e-01,-1.553472e-01,-1.056155e-01,-2.241448e-02,-5.935828e-01,1.350267e+00,-5.245786e-01,-9.838174e-01,-5.236966e-01,-8.163930e-01,-3.959737e-01,2.534393e-01,-2.601940e-01,2.387363e-01,-1.567130e-01,1.201678e+00,-1.638411e+00,1.005861e-01,-1.036623e-01,2.310713e-02,-1.611645e-01,-1.351642e-01,-1.262489e-01,-1.301742e+00,-2.054685e-01,1.359689e+00,-1.198998e-01
-8.176101e-01,-9.593053e-01,-1.247321e+00,-1.245317e+00,-4.078747e-01,-1.113926e-01,2.030164e+00,-1.786133e+00,7.620054e-02,-1.850259e+00,7.858694e-01,-2.227827e+00,-1.214832e+00,-4.031211e-01,7.653748e+00,1.780731e-02,6.976136e+00,5.366697e-02,-6.160917e-01,3.706047e+00,-2.925191e-01,-2.857024e-01,-5.799653e-01,-3.247010e-01,-1.351642e-01,-1.262489e-01,2.333717e+00,-1.441181e+00,-3.063065e-01,-4.211281e-01
-1.051476e-01,-2.275032e-01,-5.454080e-02,-6.819492e-02,-1.808339e-01,-1.082790e-01,-2.086691e-01,2.203676e-01,4.239021e-01,3.197147e-01,-3.658231e-01,9.435236e-01,-3.349783e-02,-1.691865e-01,-2.114974e-01,-1.044843e-01,-2.113470e-01,-1.234882e-01,6.835926e-01,-9.267218e-01,6.613808e-03,-2.012446e-01,1.997190e-02,-2.025187e-01,-1.351642e-01,-1.262489e-01,-6.284296e-01,1.600868e-01,4.308532e-01,-4.455038e-01
-2.841018e-01,-8.617317e-01,-8.635304e-01,-8.422834e-01,5.017297e-01,-3.900083e-02,-3.516487e-01,-2.671879e-01,1.297375e+00,-1.297491e+00,-1.150727e+00,2.065831e-01,-7.665793e-01,-3.614272e-01,8.278865e-01,1.159815e-01,7.887468e-01,3.564877e-02,4.136732e-01,8.620986e-01,4.927276e-01,6.209956e-01,6.693665e-01,6.283413e-01,-1.351642e-01,-1.262489e-01,-1.656746e-01,-9.813929e-01,-5.628144e-01,-1.730856e-01
-5.704400e-02,-3.738636e-01,-1.540240e-01,-1.402740e-01,-7.392063e-02,-1.049342e-01,-1.792271e-01,-1.579217e-01,-4.119540e-01,4.478870e-01,3.298275e-01,2.044202e-01,8.216216e-02,-1.865329e-01,4.537167e-01,-3.337188e-01,4.407981e-01,-3.247382e-01,4.932459e-01,-1.549641e+00,4.285368e-01,-1.889098e-01,3.477094e-01,-1.823524e-01,-1.351642e-01,-1.262489e-01,-7.494173e-01,-6.632725e-01,1.196626e-01,-3.814313e-01
-1.656081e-01,-7.153713e-01,-4.721655e-01,-3.580337e-01,2.354112e-01,-9.982464e-02,-5.455431e-01,1.817250e+00,-5.083695e-01,-6.450809e-01,6.293402e-01,-8.696305e-01,7.306764e-01,3.336238e-01,-3.326357e-01,4.953746e-01,-3.409105e-01,6.191083e-01,1.827336e+00,-1.129224e+00,8.223851e-01,1.504713e-01,8.519590e-01,4.047226e-02,-1.351642e-01,-1.262489e-01,-3.532226e-01,-4.294688e-01,-8.895118e-01,2.067711e-01
3.674558e+00,2.406984e+00,5.524051e+00,5.795592e+00,7.251277e-03,-7.811812e-02,-1.772714e+00,7.754608e-01,4.173277e-01,-8.097058e-01,-4.193998e-02,-5.691223e-01,2.471354e+00,8.767464e-01,-6.501583e-01,-6.029323e-01,-6.172308e-01,-6.336915e-01,-2.344482e-01,-5.558715e-02,-2.190955e-01,4.866724e-02,2.099016e-03,5.271220e-02,-1.351642e-01,-1.262489e-01,-8.514603e-01,-6.001659e-01,-1.644617e+00,8.459435e-02
1.412101e+00,2.163050e+00,3.176366e+00,3.316985e+00,-2.580064e-01,-1.066996e-01,-1.611381e+00,-3.039282e-01,5.575980e-01,-6.811979e-01,1.947614e-02,-7.586643e-01,1.499924e+00,2.559327e-01,-7.270707e-01,-5.929640e-01,-7.524466e-01,-6.323847e-01,2.196055e-01,8.174274e-02,-5.588819e-01,-1.750822e-01,-3.538587e-01,-1.889542e-01,-1.351642e-01,-1.262489e-01,-6.362111e-01,-5.374865e-01,-1.330963e+00,2.807811e-01
5.248770e-01,-5.690109e-01,-2.151269e-01,-1.382437e-01,5.890503e-01,-6.725506e-02,-8.768528e-02,-1.105930e+00,-4.297576e-01,-5.631303e-01,1.201062e+00,-1.239603e+00,3.222148e-01,3.917835e-03,8.113922e-01,6.514760e-01,9.263281e-01,5.241445e-01,4.058799e-01,3.866378e-01,2.034019e+00,3.867800e-01,1.409887e+00,2.168303e-01,-1.351642e-01,-1.262489e-01,5.063988e-01,-7.351455e-01,-1.047781e+00,-4.060890e-01
2.452142e-01,-5.690109e-01,-5.252094e-02,-1.764943e-04,3.569596e-01,-6.423238e-02,-6.535205e-01,1.139349e+00,2.062745e-01,-5.923211e-01,3.915458e-01,-9.537753e-01,1.312060e+00,2.741823e-01,-3.638077e-01,-2.182578e-01,-3.715914e-01,-2.636733e-01,-5.256853e-01,1.419663e-01,7.135103e-01,3.808087e-01,7.803956e-01,2.428520e-01,-1.351642e-01,-1.262489e-01,9.986144e-02,-4.661196e-02,-1.215035e+00,4.985294e-01
-3.341471e-01,-5.690109e-01,-4.166169e-01,-4.001644e-01,-1.238499e-01,-1.097843e-01,-7.227500e-01,3.679689e-02,-2.661319e-01,-7.333036e-01,7.037912e-01,-8.712854e-01,4.050246e+00,1.006040e+01,1.679670e-02,2.490949e-01,1.499153e-02,2.232505e-01,6.263077e-01,-5.145535e-01,2.417229e-01,-2.575886e-01,3.392464e-01,-2.477283e-01,-1.351642e-01,-1.262489e-01,-8.101687e-01,-1.299145e+00,-7.104094e-01,5.948246e-02
4.690505e-01,2.553345e+00,2.211841e+00,2.169303e+00,-4.059678e-01,-1.102968e-01,-1.088853e+00,-5.626714e-01,-3.772792e-01,1.841106e-01,3.513307e-01,6.948854e-02,2.615488e-01,6.066691e-03,-6.441997e-01,-6.247433e-01,-7.445283e-01,-6.585582e-01,1.701361e-01,-4.022262e-01,-9.166637e-01,-2.552992e-01,-7.832450e-01,-2.757581e-01,-1.351642e-01,-1.262489e-01,-4.704205e-01,-4.311342e-01,-7.838321e-01,-2.066973e-01
-7.751996e-01,-8.129449e-01,-1.077645e+00,-1.088469e+00,-4.239225e-01,-1.113086e-01,-5.366892e-01,-1.350012e-01,1.014020e+00,-5.900256e-03,-1.101138e+00,4.848879e-01,-1.154708e+00,-4.028160e-01,1.168012e+00,2.024182e+00,9.695980e-01,2.066615e+00,1.349702e+00,-1.052221e+00,-8.507066e-01,-2.995517e-01,-7.250734e-01,-3.095636e-01,-1.351642e-01,-1.262489e-01,-1.373099e+00,-3.620652e-01,1.267606e+00,-3.185886e-01
-6.169874e-01,-7.641581e-01,-8.766601e-01,-8.783230e-01,-2.383231e-01,-1.100123e-01,6.482636e-02,2.633649e-01,1.459605e+00,-1.394098e+00,-8.021202e-01,-1.526119e+00,-1.060288e+00,-4.022219e-01,-1.488496e-01,9.882949e-02,-1.858776e-01,2.001601e-01,1.286353e+00,-9.713859e-01,1.028753e-01,-2.141915e-01,-5.774259e-02,-2.467265e-01,-1.351642e-01,-1.262489e-01,-4.696463e-01,-5.013900e-02,2.063570e-01,-4.978321e-01
1.080804e+00,-4.226504e-01,4.433762e-01,5.328032e-01,7.033902e-01,-3.808312e-02,-5.168438e-01,5.829628e-01,5.840066e-01,-4.734069e-01,-4.118541e-01,-3.403775e-01,1.777164e+00,5.763509e-01,-3.329512e-01,-2.236111e-01,-1.830570e-01,-1.746198e-01,9.011973e-01,-1.055716e+00,1.344383e+00,7.294487e-01,1.157309e+00,5.217838e-01,-1.351642e-01,-1.262489e-01,-7.314724e-01,-9.397588e-01,-2.755108e-01,7.059781e-01
-6.287263e-01,-4.714373e-01,-7.448585e-01,-7.580219e-01,-3.991975e-01,-1.112309e-01,1.943968e-02,-2.719574e-01,1.254349e-01,5.267859e-01,-1.062266e-01,2.304521e-01,-8.944357e-01,-3.982508e-01,-4.807020e-02,9.317911e-02,-1.698462e-01,1.029243e-01,-8.825709e-01,-5.738844e-01,-6.895052e-01,-2.901390e-01,-6.129306e-01,-3.060911e-01,-1.351642e-01,-1.262489e-01,-7.698736e-01,-5.495961e-01,7.105676e-01,-5.657985e-01
-6.461143e-01,-5.690109e-01,-8.610055e-01,-8.686786e-01,-3.827502e-01,-1.112173e-01,1.180546e+00,-5.577170e-01,-1.145956e+00,1.551605e+00,1.081871e+00,7.874388e-02,-1.040405e+00,-4.003574e-01,4.958206e-01,-4.027121e-01,3.487219e-01,-4.212576e-01,-2.639143e-01,8.469385e-01,-3.358988e-01,-2.944797e-01,-5.139842e-01,-3.099707e-01,-1.351642e-01,-1.262489e-01,4.637662e-01,-2.917831e-01,4.560114e-01,-5.203810e-01
-4.706906e-01,-6.665845e-01,-7.428386e-01,-7.026936e-01,-1.634210e-01,-1.102545e-01,5.122674e-01,2.862189e-01,-2.664214e-01,-1.382354e-01,5.911622e-01,-4.097608e-01,-9.162986e-01,-3.986495e-01,9.636966e-01,3.312243e-01,8.815139e-01,3.148176e-01,-1.765498e-01,4.721503e-01,5.230228e-01,-2.342220e-01,2.525527e-01,-2.660662e-01,-1.351642e-01,-1.262489e-01,-1.708734e-01,-1.021189e+00,7.219604e-02,1.803960e-01
-4.361356e-01,1.626395e+00,4.857954e-01,4.175781e-01,-4.982044e-01,-1.114475e-01,-8.751842e-01,-6.202679e-01,-3.462056e-01,-2.253176e-01,6.270475e-01,-3.625680e-01,-6.183089e-01,-3.528006e-01,-3.855666e-01,-6.125911e-01,-5.503368e-01,-6.479002e-01,3.935005e-01,-4.036711e-01,-1.345101e+00,-3.107170e-01,-1.134026e+00,-3.301265e-01,-1.351642e-01,-1.262489e-01,-5.508449e-02,-1.939732e-01,-8.246594e-01,-3.060538e-01
-7.767441e-01,-7.153713e-01,-1.092795e+00,-1.101667e+00,-4.619603e-01,-1.114452e-01,1.331172e+00,-5.327554e-01,-1.492339e+00,1.798204e+00,8.725329e-01,1.095757e+00,-1.172091e+00,-4.029663e-01,2.870376e-01,-1.104903e-01,1.018774e-01,-1.363101e-01,-2.644424e-01,-7.475434e-01,-7.565794e-01,-3.092823e-01,-8.780058e-01,-3.298038e-01,-1.351642e-01,-1.262489e-01,4.014438e-01,2.217094e-01,1.409007e+00,-1.084911e-01
-2.478696e-01,-6.665845e-01,-3.353141e-01,-3.326537e-01,6.259033e-02,-1.056332e-01,-1.510423e+00,6.998842e-01,8.325394e-01,-1.558794e+00,-6.471560e-02,-1.287864e+00,-5.723763e-01,-3.688309e-01,5.123525e-01,-2.946433e-02,5.045157e-01,6.332958e-02,2.878270e-01,1.174337e+00,5.141883e-01,-1.187025e-01,6.160930e-01,-9.976044e-02,-1.351642e-01,-1.262489e-01,-7.429757e-01,-4.395093e-01,-9.986734e-01,8.382161e-01
-6.313302e-01,-4.714373e-01,-7.857624e-01,-8.006603e-01,-4.010259e-01,-1.111269e-01,8.953225e-01,1.348812e-01,-4.791582e-01,1.624860e+00,5.018852e-01,-1.905943e-01,-9.583753e-01,-3.972372e-01,-9.804107e-01,-6.582157e-01,-1.043510e+00,-6.940197e-01,7.977297e-02,-2.930469e-01,-5.368320e-01,-2.896744e-01,-6.386721e-01,-3.017194e-01,-1.351642e-01,-1.262489e-01,9.396873e-01,1.454092e+00,4.522911e-01,-5.598178e-01
-5.019801e-01,2.603648e-01,-3.060247e-01,-3.534653e-01,-4.488526e-01,-1.113656e-01,7.557268e-01,-6.611112e-01,-1.568756e-01,-3.840856e-01,7.716617e-01,-7.484836e-01,8.078225e-01,4.435422e-01,-5.189910e-01,-1.601853e-01,-6.499392e-01,-1.915290e-01,3.980055e-01,9.270772e-01,-8.517567e-01,-3.055415e-01,-8.357658e-01,-3.216084e-01,-1.351642e-01,-1.262489e-01,9.978549e-01,-1.397745e-01,-1.099185e-01,-4.227857e-01
-4.524643e-01,-1.787164e-01,-3.802579e-01,-3.783376e-01,-3.681388e-01,-1.110931e-01,-6.111069e-02,1.447204e-02,5.475474e-01,-2.929364e-01,-1.514866e-01,-5.256623e-01,1.708656e+00,9.498745e-01,-4.758930e-01,-3.664324e-01,-5.737553e-01,-3.890076e-01,5.988013e-01,-2.896729e-01,-5.418119e-01,-2.842441e-01,-4.896086e-01,-2.974264e-01,-1.351642e-01,-1.262489e-01,-5.707241e-01,-2.238092e-01,3.170247e-01,-5.592622e-01
1.531995e-01,-9.105185e-01,7.574530e-02,1.003289e-01,1.767432e+00,-5.977893e-02,-4.759089e+00,1.458106e-01,2.709071e+00,-1.689311e+00,-2.514845e+00,-3.074304e-01,-4.391957e-01,-3.877875e-01,-2.595065e-01,-3.625751e-01,7.665594e-01,4.054310e-01,1.864557e+00,-1.517119e+00,1.434032e+00,1.203787e-01,3.342220e+00,5.330615e-01,-1.351642e-01,-1.262489e-01,-2.960479e+00,-9.343868e-01,-3.329259e+00,9.880503e-01
1.116715e-01,-7.641581e-01,-2.726959e-01,-2.423011e-01,7.119368e-01,-5.177699e-02,-4.212399e-01,3.619135e+00,-8.047075e-01,2.943697e-01,4.478564e-01,7.709947e-01,2.194670e-02,-1.387851e-01,7.051263e-01,7.214499e-01,9.462124e-01,3.275258e-01,6.387558e-01,-9.631177e-01,8.952965e-01,3.300118e-01,1.178136e+00,5.934006e-01,-1.351642e-01,-1.262489e-01,-1.717631e-01,-2.585918e-02,-7.385073e-01,4.667869e-01
-6.304916e-01,-8.129449e-01,-9.019094e-01,-8.971042e-01,-2.037530e-01,-1.076293e-01,5.611931e-01,2.280304e+00,3.530848e-02,-4.368601e-01,9.777422e-02,-1.704130e-01,-8.810044e-01,-3.889439e-01,2.021080e+00,3.022584e+00,1.862861e+00,2.882133e+00,1.405896e+00,-1.002640e+00,-3.355230e-01,-2.692761e-01,-1.155004e-01,-1.653741e-01,-1.351642e-01,-1.262489e-01,3.978527e-01,5.755269e-01,1.199977e-01,-2.741130e-01
-1.010434e-01,-2.275032e-01,-1.641233e-01,-1.499179e-01,-1.787525e-01,-1.055481e-01,5.014374e-01,9.538751e-01,-5.947857e-01,2.013690e+00,3.712046e-01,1.396278e-01,3.190352e+00,2.022079e+00,-5.680057e-01,-3.324710e-01,-5.937712e-01,-3.727394e-01,1.359000e+00,-3.844532e-01,-1.774380e-01,-1.266620e-01,-1.546960e-01,-1.363845e-01,-1.351642e-01,-1.262489e-01,1.259649e+00,1.446416e+00,-1.282378e+00,9.725810e-01
5.652571e-01,-6.177977e-01,1.888626e-01,2.023561e-01,7.417206e-01,-2.476720e-02,-1.437170e+00,8.336278e-01,7.657992e-01,-6.572601e-01,-1.012550e-01,8.127206e-01,1.014157e+00,-1.111422e-01,-4.071789e-01,-2.643416e-01,-2.123662e-01,-3.207814e-01,1.344846e+00,-1.395492e+00,9.399805e-01,3.937110e-01,1.298089e+00,5.196615e-01,-1.351642e-01,-1.262489e-01,-1.218711e+00,-2.748127e-01,-9.309435e-01,-1.359807e-01
-6.877746e-01,-4.714373e-01,-8.781750e-01,-8.788306e-01,-4.406623e-01,-1.114281e-01,1.008938e+00,-8.707835e-01,3.866628e-01,-7.520533e-01,-7.003608e-02,-5.647515e-01,-1.011969e+00,-4.007971e-01,2.563278e-01,1.264982e-01,1.132244e-01,1.099476e-01,6.780090e-01,-9.832442e-01,-7.459247e-01,-3.104357e-01,-7.594849e-01,-3.276305e-01,-1.351642e-01,-1.262489e-01,4.642298e-02,-4.870278e-01,9.048796e-01,-7.234229e-01
-2.840251e-02,-7.153713e-01,-1.898776e-01,-1.727599e-01,3.919773e-01,-6.710140e-02,-4.131803e-01,1.548049e+00,6.792824e-01,-7.960305e-01,-4.277205e-01,-1.287811e+00,5.560992e-01,9.155960e-02,7.883480e-02,2.909978e-01,2.720458e-01,1.633172e-01,2.542379e-01,-9.423162e-01,6.280522e-01,7.785714e-02,8.400441e-01,2.858302e-01,-1.351642e-01,-1.262489e-01,-1.082792e+00,-1.174277e+00,9.784821e-02,9.402432e-01
-5.541111e-02,-7.153713e-01,-1.419038e-01,-6.971766e-02,3.611576e-01,-9.116621e-02,-1.895810e+00,1.809181e+00,3.227048e-01,-1.064350e+00,-3.625975e-01,-4.805497e-02,-4.782649e-01,-3.637358e-01,3.770164e-01,1.284914e+00,5.837848e-01,1.171595e+00,1.221786e+00,-7.724423e-02,3.829801e-01,-2.278697e-01,1.127688e+00,7.071086e-02,-1.351642e-01,-1.262489e-01,-4.830327e-01,-1.170464e-01,-2.576286e+00,-1.929745e-01
-3.517998e-01,-3.250768e-01,-4.004573e-01,-3.976264e-01,-2.730386e-01,-1.091981e-01,1.777248e-01,-4.586941e-01,-4.709556e-01,1.119722e+00,1.617182e-01,1.358887e+00,1.349250e+00,6.319852e-01,-3.058930e-01,-1.964673e-01,-3.271391e-01,-1.758779e-01,1.145913e+00,-6.516227e-01,-1.811287e-01,-2.345055e-01,-2.394336e-01,-2.400786e-01,-1.351642e-01,-1.262489e-01,-4.547721e-01,2.540580e-02,7.748155e-01,1.388977e-02
-7.036179e-01,-3.738636e-01,-8.822150e-01,-8.915205e-01,-4.674192e-01,-1.114078e-01,1.174036e+00,-8.209290e-01,-6.815776e-01,-1.698022e-01,5.223323e-01,-4.221665e-01,-3.143120e-01,-1.835641e-01,-4.831545e-01,-3.384665e-01,-6.282515e-01,-3.606675e-01,-9.165069e-01,1.918579e-01,-8.727060e-01,-3.041957e-01,-9.471190e-01,-3.227846e-01,-1.351642e-01,-1.262489e-01,6.228863e-01,9.532118e-02,9.243415e-01,-4.440411e-01
6.814123e-01,-6.665845e-01,3.464189e-01,3.967664e-01,1.005177e+00,2.189735e-02,-2.722479e-01,1.850022e+00,8.428671e-01,-6.818025e-02,-8.332597e-01,-1.864671e-01,3.060503e-01,-1.853742e-01,-4.879573e-01,-4.444725e-01,-2.737101e-01,-4.992436e-01,9.460639e-02,-5.209184e-01,9.909840e-01,2.883185e-01,1.411327e+00,8.529516e-01,-1.351642e-01,-1.262489e-01,-1.029741e+00,3.560929e-02,3.712998e-01,6.292455e-01
9.184434e-01,-7.153713e-01,3.585380e-01,4.845813e-01,1.472430e+00,1.052446e-01,-9.151074e-01,2.254967e+00,6.979955e-01,-5.201969e-01,-7.813242e-01,9.252716e-01,2.074790e+00,2.965534e+00,9.998259e-01,4.501082e-01,1.177257e+00,3.268679e-01,9.573907e-02,-1.618086e+00,1.125550e+00,2.618830e-01,1.976640e+00,1.179663e+00,-1.351642e-01,-1.262489e-01,-1.673008e+00,-8.535680e-01,1.985155e-01,1.740879e+00
-3.492843e-01,4.067252e-01,-2.575677e-02,-7.073281e-02,-4.155163e-01,-1.110805e-01,6.040483e-01,1.738200e-02,1.234802e-01,3.812115e-01,-3.855912e-01,4.954808e-01,-3.125175e-01,-3.195432e-01,-6.281564e-01,-5.422010e-01,-6.763771e-01,-5.869552e-01,8.797635e-01,1.151840e-01,-6.790571e-01,-2.910355e-01,-7.132334e-01,-3.045122e-01,-1.351642e-01,-1.262489e-01,1.431786e-01,2.357152e-01,7.033238e-01,-3.260474e-01
-6.843764e-01,-7.153713e-01,-9.695777e-01,-9.727365e-01,-3.565589e-01,-1.107845e-01,8.410303e-01,-4.831425e-01,1.115839e+00,-9.802300e-01,-8.285420e-01,-1.214302e+00,-9.357467e-01,-3.864512e-01,-1.211477e-01,-3.073977e-01,-1.858269e-01,-3.432904e-01,1.382694e+00,-5.449343e-01,-3.226376e-01,-2.544055e-01,-4.700277e-01,-2.827547e-01,-1.351642e-01,-1.262489e-01,7.860273e-01,9.334277e-01,1.309342e-01,-4.845918e-01
-3.683051e-01,-4.714373e-01,-5.721529e-01,-5.656418e-01,-2.163246e-01,-1.019426e-01,8.486184e-01,-2.981028e-02,6.727203e-01,-1.052952e+00,-4.560658e-01,-1.384714e+00,-5.534115e-01,-2.715515e-01,6.592957e-01,3.538714e-01,5.047439e-01,2.882089e-01,1.321023e+00,-1.097308e+00,-4.084224e-01,-2.347718e-01,-3.102706e-01,-1.329711e-01,-1.351642e-01,-1.262489e-01,3.232636e-01,1.569040e-03,8.493160e-01,-8.557091e-02
-7.311119e-01,-7.641581e-01,-1.026136e+00,-1.024511e+00,-3.871556e-01,-1.112961e-01,-1.536987e-01,-1.346965e+00,-1.220590e-01,-1.117068e+00,7.367203e-01,-6.607804e-01,-1.013656e+00,-3.998838e-01,2.996872e-01,1.175788e+00,1.794124e-01,1.133449e+00,8.027060e-01,-4.054013e-01,-3.829791e-01,-2.969067e-01,-5.176134e-01,-3.141217e-01,-1.351642e-01,-1.262489e-01,1.627669e-01,-1.713689e-01,-2.837046e-01,4.080758e-02
-4.420492e-01,-7.641581e-01,-8.544407e-01,-8.255326e-01,-1.018245e-02,-1.011565e-01,6.810919e-01,4.799810e-01,-5.574334e-01,1.418329e+00,-2.180456e-01,1.086112e+00,1.639661e-01,1.017776e-01,4.493537e-01,1.540991e-01,3.367423e-01,2.612617e-01,1.495287e+00,7.309063e-01,4.702953e-01,1.381291e-01,1.832527e-01,6.357465e-03,-1.351642e-01,-1.262489e-01,1.558663e+00,1.891892e+00,-3.562671e-01,-5.655336e-03
-6.959831e-01,-5.690109e-01,-9.473583e-01,-9.620768e-01,-4.241361e-01,-1.112060e-01,1.455410e+00,-4.811486e-01,-1.801081e+00,5.396740e-03,1.582506e+00,-1.190576e+00,-5.140171e-01,-3.574397e-01,-2.087689e-01,-1.641207e-01,-3.432808e-01,-2.042119e-01,1.519350e+00,4.188114e-01,-5.467771e-01,-2.773437e-01,-7.537813e-01,-3.046998e-01,-1.351642e-01,-1.262489e-01,2.543273e+00,1.116297e-01,-2.968104e-01,-4.079117e-01
2.942000e-01,-4.226504e-01,8.076912e-03,9.575971e-02,1.904765e-01,-9.133934e-02,-9.637166e-01,7.257891e-01,1.638301e+00,-5.321512e-01,-2.124983e+00,6.376614e-01,3.451382e-01,1.088805e-01,3.305606e-01,2.147264e-01,5.563900e-01,2.083311e-01,1.029197e+00,9.137847e-02,5.940190e-01,2.048210e-02,6.865796e-01,3.912876e-02,-1.351642e-01,-1.262489e-01,-1.089630e+00,1.438474e+00,7.583071e-01,3.960071e-01
-4.843274e-01,-4.226504e-01,-6.499209e-01,-6.504109e-01,-3.171710e-01,-1.107861e-01,7.398918e-01,-8.707944e-01,7.022416e-01,5.827783e-01,-9.997648e-01,4.915638e-01,-8.456925e-01,-3.943037e-01,5.673403e-01,4.795174e-01,5.217528e-01,4.186096e-01,1.059694e+00,-8.540467e-01,-2.770721e-01,-2.648388e-01,-3.083990e-01,-2.796590e-01,-1.351642e-01,-1.262489e-01,-1.061357e-01,9.941500e-01,1.405536e+00,-5.073518e-01
-1.381140e-01,-4.226504e-01,-2.499715e-01,-2.524526e-01,-9.141876e-02,-1.038267e-01,-1.638249e-01,-1.806036e-02,2.060566e+00,-4.666447e-01,-2.372773e+00,2.005181e-01,1.511688e-01,-2.062859e-01,-3.077884e-01,-1.838964e-01,-2.155104e-01,-2.921196e-01,9.629514e-01,-9.259020e-01,2.127733e-01,-1.633226e-01,2.490998e-01,-1.641449e-01,-1.351642e-01,-1.262489e-01,-1.642738e+00,-9.258044e-02,2.035537e+00,2.439998e-02
-5.933327e-01,-3.250768e-01,-6.327514e-01,-6.463501e-01,-4.108459e-01,-1.111091e-01,5.249122e-01,9.132262e-01,-1.221872e+00,1.746219e+00,8.078304e-01,7.319533e-01,-8.974557e-01,-3.961394e-01,-3.582408e-01,2.078903e-02,-4.998244e-01,-1.465497e-02,2.460939e-01,-5.122535e-01,-7.239348e-01,-2.961390e-01,-6.972966e-01,-3.009149e-01,-1.351642e-01,-1.262489e-01,5.841007e-01,6.308666e-01,1.231688e-01,-5.004640e-01
8.266498e-01,-5.202241e-01,3.888183e-02,3.332566e-02,7.221142e-01,-2.737153e-02,-1.985042e-01,3.399676e-01,1.964775e+00,-4.924296e-01,-2.566413e+00,8.477634e-01,9.803982e-01,1.558968e-01,-2.259842e-01,-3.791853e-01,-3.535016e-02,-3.798745e-01,1.257502e+00,-1.528869e+00,8.414061e-01,5.253577e-01,1.112930e+00,5.861127e-01,-1.351642e-01,-1.262489e-01,-1.725074e+00,-5.590482e-02,2.408223e+00,-4.548306e-03
-3.201132e-01,-1.787164e-01,-1.969471e-01,-2.103227e-01,-3.045487e-01,-1.105843e-01,-4.204779e-01,-1.336686e-02,9.370034e-01,1.054940e-01,-1.023481e+00,3.647714e-01,-4.554605e-01,-3.268415e-01,1.965855e-01,-4.540065e-01,1.284182e-01,-4.748839e-01,1.223383e+00,6.574849e-01,-3.342202e-01,-2.687714e-01,-2.784708e-01,-2.726404e-01,-1.351642e-01,-1.262489e-01,-2.089961e-01,3.899919e-01,1.716958e-01,-1.769893e-01
2.189114e-01,2.603648e-01,2.767306e-01,2.850942e-01,-2.138198e-01,-1.032659e-01,1.232345e+00,9.177391e-02,-1.549653e+00,6.806418e-01,1.488410e+00,-7.574946e-01,1.305736e+00,8.920271e-01,-3.629407e-01,-3.039651e-01,-4.231401e-01,-3.077830e-01,5.682203e-01,3.127557e-01,-9.038928e-02,-1.657815e-01,-2.462624e-01,-1.585945e-01,-1.351642e-01,-1.262489e-01,1.156698e+00,-2.371227e-01,4.800852e-02,-3.577754e-01
-3.336617e-01,-3.738636e-01,-5.564984e-01,-5.098059e-01,-2.422674e-01,-1.097244e-01,3.946031e-01,-1.066486e+00,1.360952e-01,-9.323908e-01,5.883930e-01,-6.201335e-01,4.739790e-02,-2.138595e-01,-7.670173e-01,-5.192768e-01,-7.363933e-01,-5.732069e-01,5.650473e-01,7.255507e-01,1.801674e-01,-9.531205e-02,-1.278238e-01,-2.342861e-01,-1.351642e-01,-1.262489e-01,5.184225e-01,7.332763e-02,1.105709e-02,-1.201335e-01
-2.730246e-01,-5.202241e-01,-3.449088e-01,-3.214865e-01,-1.144497e-01,-9.790583e-02,1.504387e+00,1.962379e+00,-1.522197e+00,1.360018e+00,5.901062e-01,1.087851e+00,-5.665931e-01,-3.445786e-01,-1.991744e-01,3.828307e-01,-5.434268e-02,3.446354e-01,3.169038e-01,2.163610e+00,-5.866036e-02,-1.850243e-01,-1.038969e-01,-5.514491e-02,-1.351642e-01,-1.262489e-01,1.975069e+00,1.056517e+00,-2.510504e-01,-3.858777e-01
1.000925e+00,-8.129449e-01,-1.929074e-01,-1.656539e-01,2.278408e+00,3.648463e-01,-6.114661e-01,2.753968e+00,3.049033e-01,1.708211e-01,-5.165895e-01,1.465035e+00,-2.304051e-01,-2.011734e-01,7.231666e-01,4.110606e-01,8.530587e-01,1.034138e+00,2.369224e+00,-1.820511e+00,2.293303e+00,2.451198e+00,2.467980e+00,2.126179e+00,-1.351642e-01,-1.262489e-01,7.355634e-01,3.410520e+00,-8.578939e-01,3.675129e-01
-3.692318e-01,-2.762900e-01,-4.438863e-01,-4.417876e-01,-2.998102e-01,-1.099918e-01,4.610040e-01,-4.917731e-01,1.941427e+00,-1.326349e+00,-2.104847e+00,-4.124460e-01,-1.285163e-02,-1.399445e-01,-7.103025e-01,-5.828275e-01,-7.008368e-01,-6.109162e-01,2.177960e+00,-1.322628e+00,-4.078508e-01,-2.330490e-01,-3.343453e-01,-2.475150e-01,-1.351642e-01,-1.262489e-01,-2.723269e-01,9.724012e-01,1.545106e+00,-1.751349e-01
-5.401098e-01,1.627912e-01,-5.272091e-01,-5.610734e-01,-4.529964e-01,-1.113040e-01,1.678901e+00,-8.868616e-01,-2.266619e+00,1.163577e+00,1.539650e+00,-2.156043e-01,-8.522011e-01,-3.858614e-01,-2.833673e-01,-5.473622e-01,-4.275709e-01,-5.729613e-01,-7.722866e-01,-5.431976e-01,-7.067746e-01,-2.759127e-01,-8.977493e-01,-3.136115e-01,-1.351642e-01,-1.262489e-01,1.310838e+00,-1.784015e-01,6.780585e-01,-4.834308e-01
-4.976111e-01,1.643079e-02,-4.913550e-01,-4.925475e-01,-4.209944e-01,-1.112551e-01,9.840551e-01,-7.829880e-01,-2.273341e-01,-3.454581e-01,3.994720e-01,-2.021525e-01,6.382663e-01,1.263325e+00,-2.787485e-01,-3.788504e-01,-3.825867e-01,-4.091681e-01,7.858947e-01,-1.588212e-01,-5.623789e-01,-2.591014e-01,-7.139059e-01,-3.116183e-01,-1.351642e-01,-1.262489e-01,6.350007e-01,1.539573e-01,4.207077e-01,-4.653259e-01
-7.687563e-01,-8.129449e-01,-1.116529e+00,-1.117402e+00,-4.141193e-01,-1.113719e-01,7.544352e-01,-1.005916e+00,-3.180225e+00,3.840243e-02,2.848811e+00,-1.328246e+00,-1.160837e+00,-4.029589e-01,2.829700e+00,4.950497e+00,2.481795e+00,5.071780e+00,-1.095019e+00,7.148367e-03,-4.352711e-01,-3.023824e-01,-6.342184e-01,-3.203445e-01,-1.351642e-01,-1.262489e-01,1.222822e+00,-1.769334e-01,-1.431668e-01,-7.317867e-01
-5.578508e-01,-2.275032e-01,-6.554758e-01,-6.803592e-01,-4.104263e-01,-1.108830e-01,1.160984e+00,-2.235141e-01,-1.646502e+00,-2.124479e-01,1.705535e+00,-1.043390e+00,-9.140970e-01,-3.887422e-01,-2.917616e-01,-3.291585e-01,-3.917320e-01,-3.631201e-01,1.341969e+00,-7.446619e-01,-5.024804e-01,-2.479660e-01,-7.097013e-01,-2.974397e-01,-1.351642e-01,-1.262489e-01,1.347065e+00,-8.284174e-02,6.072752e-02,-5.018940e-01
4.917336e-01,-7.153713e-01,4.542158e-03,3.941659e-02,9.855085e-01,7.865573e-02,-2.188493e-02,2.876800e+00,3.659272e-01,-4.822738e-01,-1.063029e-01,-1.409271e-01,-1.580152e-01,-2.581016e-01,-8.519572e-01,-5.452036e-01,-6.682004e-01,-5.359323e-01,1.519890e+00,-9.453537e-01,7.656294e-01,3.796810e-01,1.149917e+00,1.008950e+00,-1.351642e-01,-1.262489e-01,2.844521e-01,1.266040e+00,-5.354593e-01,-1.106799e-01
-4.825179e-01,-1.787164e-01,-4.378264e-01,-4.580308e-01,-3.825786e-01,-1.108304e-01,2.628603e-01,-4.241927e-01,1.238733e+00,1.835446e-01,-1.890978e+00,1.031342e+00,-6.918606e-01,-3.855390e-01,-3.386309e-01,-1.393943e-01,-3.540218e-01,-2.016010e-01,1.931928e+00,-8.229836e-01,-7.234552e-01,-2.938681e-01,-5.934531e-01,-2.886977e-01,-1.351642e-01,-1.262489e-01,-3.799412e-01,7.854107e-01,1.515378e+00,-3.143677e-01
1.209404e+00,-6.665845e-01,-1.116049e-01,-3.875338e-02,1.540728e+00,2.609581e-01,-1.102337e+00,-7.887493e-01,1.307508e+00,-4.895557e-01,-1.303743e+00,1.194007e+00,1.199763e+00,5.397390e-02,-4.027790e-01,-5.218835e-01,-2.283359e-01,-3.400974e-01,8.354626e-01,6.471204e-01,1.890302e+00,3.419836e+00,1.373399e+00,1.681319e+00,-1.351642e-01,-1.262489e-01,-9.694562e-01,7.720655e-02,8.538619e-01,5.193642e+00
3.593831e-01,-8.129449e-01,-4.433812e-01,-3.651401e-01,1.302317e+00,1.489056e-02,-9.874432e-01,1.064884e+00,2.289850e+00,-2.730138e-01,-2.905101e+00,1.507059e+00,-1.089831e-01,-3.182965e-01,1.116752e-01,-4.020055e-01,4.312593e-01,-2.929804e-01,2.492168e+00,-1.732759e+00,1.586650e+00,4.075646e-01,2.092980e+00,8.880237e-01,-1.351642e-01,-1.262489e-01,-1.747192e+00,-1.998479e-01,7.384202e-01,5.855540e-01
-4.873725e-01,-4.226504e-01,-6.312364e-01,-6.458425e-01,-3.191567e-01,-1.100054e-01,1.167836e+00,-1.062544e-01,-1.867905e-02,3.361256e-01,-2.494702e-01,1.400236e-01,-7.063165e-01,-3.681868e-01,-3.928734e-01,-2.635467e-01,-3.763546e-01,-1.882733e-01,2.213542e+00,-7.305777e-01,-3.540161e-01,-2.633231e-01,-4.142175e-01,-2.489817e-01,-1.351642e-01,-1.262489e-01,1.477620e+00,3.569666e-01,-5.861761e-02,-5.018817e-01
-7.185344e-01,-9.593053e-01,-1.106934e+00,-1.103189e+00,-1.063921e-01,-1.060390e-01,1.001192e-01,2.722688e+00,-9.824820e-01,4.046152e+00,3.441116e-01,4.804785e+00,-1.162554e+00,-4.028686e-01,5.070562e+00,3.055185e+00,4.717064e+00,3.234552e+00,-1.218082e+00,1.627278e+00,4.696445e-03,-2.859286e-01,2.067573e-01,-1.019412e-01,-1.351642e-01,-1.262489e-01,-1.659218e-01,9.064602e-01,4.742401e-01,-1.494130e-01
-5.983196e-01,-3.235602e-02,-6.898149e-01,-7.214747e-01,-4.560546e-01,-1.114190e-01,2.388511e+00,-1.141228e+00,-1.668759e+00,4.168947e-01,1.213384e+00,-2.427702e-01,-7.896910e-01,-3.862435e-01,-5.795539e-01,-5.667613e-01,-7.041099e-01,-5.988376e-01,1.573272e-01,-3.338033e-01,-5.659432e-01,-3.058593e-01,-8.571845e-01,-3.266843e-01,-1.351642e-01,-1.262489e-01,1.803635e+00,-3.685030e-01,1.304264e+00,-6.256680e-01
-5.667213e-01,2.603648e-01,-4.873151e-01,-5.316326e-01,-4.699602e-01,-1.114351e-01,1.633334e+00,-1.003269e+00,5.448228e-01,-1.110790e+00,-1.012114e-01,-8.844320e-01,-2.212945e-01,-2.529788e-01,-3.865383e-01,-1.708987e-01,-5.405760e-01,-1.839052e-01,-3.609611e-01,7.734170e-01,-9.241483e-01,-3.156368e-01,-9.393190e-01,-3.283375e-01,-1.351642e-01,-1.262489e-01,1.087335e+00,-2.453642e-01,1.220820e+00,-2.583887e-01
-2.218760e-01,1.140044e-01,-5.504576e-02,-7.936162e-02,-3.321510e-01,-1.091969e-01,3.382701e-01,2.025960e-02,-5.396832e-01,4.273783e-01,3.507419e-01,1.226485e+00,-2.471178e-01,-3.170468e-01,-2.723500e-01,-3.841063e-01,-3.470316e-01,-3.903938e-01,-1.340338e+00,7.690238e-01,-5.782711e-01,-2.756518e-01,-5.036063e-01,-2.439514e-01,-1.351642e-01,-1.262489e-01,6.152883e-01,8.743852e-01,9.627993e-02,-4.138488e-01
-7.293908e-01,-5.202241e-01,-9.387735e-01,-9.488792e-01,-4.616246e-01,-1.113907e-01,1.132634e+00,1.083597e+00,-4.604800e-01,-5.851669e-01,7.973249e-01,-1.040733e+00,-7.136067e-01,-3.780628e-01,-8.941126e-03,2.332956e-01,-1.783287e-01,1.911576e-01,1.405645e-01,1.325300e+00,-8.405029e-01,-2.978054e-01,-9.119919e-01,-3.218740e-01,-1.351642e-01,-1.262489e-01,1.144118e+00,3.418612e-01,2.207963e-01,-3.503588e-01
-2.225821e-01,-3.738636e-01,-4.529760e-01,-3.773225e-01,-1.746656e-01,-1.035628e-01,1.939859e-01,3.781289e-01,7.084485e-01,-6.097533e-01,-7.275322e-01,3.839451e-01,-4.986727e-01,-2.792554e-01,1.828168e-01,-1.821065e-01,1.642200e-01,-2.394506e-01,-3.453165e-01,1.205508e+00,-4.128906e-01,-1.729736e-01,-2.268684e-01,-1.032876e-01,-1.351642e-01,-1.262489e-01,2.348553e-01,1.523906e+00,5.337935e-01,-4.475562e-01
1.711491e+00,-9.105185e-01,-3.686703e-02,-8.297726e-03,5.323786e+00,1.432173e+00,-2.120024e+00,3.507594e-01,-9.062000e-02,1.460176e+00,-9.248170e-01,1.558535e+00,4.964924e-01,-1.463685e-01,2.591735e+00,8.084585e-01,3.224907e+00,1.815587e+00,6.348837e-01,3.141681e+00,5.169040e+00,3.939215e+00,5.091227e+00,4.448502e+00,-1.351642e-01,-1.262489e-01,-2.917510e-01,2.052174e+00,-2.362394e+00,-4.803330e-01
2.408904e+00,-8.617317e-01,2.216863e-01,2.932165e-01,5.418542e+00,1.806970e+00,-9.100831e-01,2.526363e+00,1.741460e+00,-5.005759e-01,-2.001175e+00,-2.397377e-01,8.380363e-01,-1.298648e-01,7.238566e-01,1.664307e+00,2.367975e+00,2.216360e+00,4.338818e-01,1.958195e+00,5.943509e+00,5.597147e+00,4.903752e+00,4.579229e+00,-1.351642e-01,-1.262489e-01,-9.870901e-01,-1.087236e+00,-1.195545e+00,5.089868e-01
-6.491593e-01,-5.202241e-01,-8.337362e-01,-8.422834e-01,-4.005895e-01,-1.110995e-01,6.387857e-01,-4.387992e-01,-2.275291e-01,9.263613e-01,-3.104408e-01,1.380864e+00,-8.630923e-01,-3.803379e-01,-1.344594e-01,-1.952843e-01,-1.388007e-01,-2.380351e-01,-3.069253e-02,1.891928e+00,-7.045498e-01,-2.863514e-01,-6.696063e-01,-2.925126e-01,-1.351642e-01,-1.262489e-01,5.260151e-01,1.021373e+00,6.892990e-01,-5.153345e-01
8.075404e-01,-5.690109e-01,3.353086e-01,3.652955e-01,8.236319e-01,3.767079e-02,-6.464878e-01,8.716467e-01,-4.673809e-01,4.664380e-01,5.991243e-01,5.782180e-01,1.262354e+00,5.818738e-01,-3.673804e-01,-1.767155e-01,-2.973829e-01,-1.019493e-01,2.425133e-01,1.391953e+00,1.225962e+00,5.647742e-01,1.154416e+00,7.183184e-01,-1.351642e-01,-1.262489e-01,4.586235e-01,4.702711e-01,-1.112637e+00,6.459728e-01
-6.071845e-03,-6.665845e-01,-3.277392e-01,-3.062589e-01,3.078498e-01,-8.369578e-02,-2.146750e-01,9.608361e-01,1.711836e+00,-3.338595e-01,-2.656869e+00,1.297335e+00,-5.494909e-01,-3.527976e-01,4.864709e-01,1.780496e-01,8.014654e-01,1.008254e-01,-2.329001e+00,3.174564e-01,1.968734e-01,-1.618743e-01,8.649823e-01,1.361085e-01,-1.351642e-01,-1.262489e-01,-1.478590e+00,1.125535e-01,1.243574e+00,-2.792170e-01
-7.150480e-01,-4.714373e-01,-9.604879e-01,-9.773048e-01,-4.598142e-01,-1.112518e-01,1.965978e+00,-9.889395e-01,-7.973857e-01,-7.213501e-01,9.298294e-01,-1.021276e+00,-1.071607e+00,-4.002570e-01,-4.347745e-01,-5.288211e-01,-5.865952e-01,-5.705164e-01,4.540675e-01,1.092872e+00,-8.709056e-01,-2.845262e-01,-9.586845e-01,-3.091602e-01,-1.351642e-01,-1.262489e-01,2.932643e+00,7.372787e-01,-4.005727e-02,-3.470150e-01
-7.439101e-01,-7.153713e-01,-1.057950e+00,-1.054967e+00,-4.244932e-01,-1.113418e-01,7.771415e-01,-9.748194e-01,4.120899e-01,-8.107055e-01,-1.560205e-01,-3.629317e-01,4.188573e-01,-1.758490e-01,2.713056e-01,2.712304e+00,1.594431e-01,2.638790e+00,1.264496e-01,9.682352e-01,-5.712800e-01,-2.858554e-01,-7.104782e-01,-3.156304e-01,-1.351642e-01,-1.262489e-01,1.647622e-01,-6.918449e-01,7.518197e-01,-2.777929e-01
-4.803114e-01,-7.153713e-01,-7.342538e-01,-7.321344e-01,-1.236990e-01,-1.023478e-01,-1.808764e-02,6.037501e-01,8.360155e-01,-6.522909e-01,-2.997687e-01,1.469530e-02,-5.671960e-01,-2.998231e-01,1.096516e+00,2.100311e+00,1.124295e+00,1.788778e+00,-1.258089e+00,6.567493e-01,-9.619725e-02,-9.876787e-02,-7.746177e-02,-6.609156e-02,-1.351642e-01,-1.262489e-01,-6.101769e-01,-2.850854e-01,5.905592e-01,-2.338640e-01
1.992168e-02,-8.129449e-01,-6.206317e-01,-6.118333e-01,7.858350e-01,-6.817076e-02,-1.279637e-01,2.491306e-01,-4.507682e-01,5.744998e-01,6.597725e-01,3.390828e+00,-6.166016e-01,-3.668683e-01,-6.151171e-01,-6.132859e-01,-3.085140e-01,-5.463005e-01,-7.973423e-01,9.123110e-01,2.269364e+00,9.130321e-01,1.673994e+00,3.914281e-01,-1.351642e-01,-1.262489e-01,2.070461e-01,2.236827e-01,-3.821784e-01,3.776252e-01
-4.150847e-01,-4.226504e-01,-5.216543e-01,-5.285871e-01,-2.720205e-01,-1.078742e-01,-1.998628e-02,-4.309405e-01,7.699652e-01,-2.952838e-01,-9.650913e-01,7.708732e-01,-8.323176e-02,-3.201941e-01,-5.581565e-01,-2.735432e-01,-5.603821e-01,-2.680195e-01,-1.940742e+00,5.581111e-01,-5.022405e-01,-2.493190e-01,-3.435536e-01,-2.034398e-01,-1.351642e-01,-1.262489e-01,-6.989390e-02,7.253156e-01,3.193877e-02,-4.866523e-01
-4.103185e-01,-4.714373e-01,-4.479261e-01,-4.549852e-01,-2.458272e-01,-1.082107e-01,-2.680050e-01,7.839771e-01,-1.749440e-01,-1.051539e-01,-2.679777e-02,4.757154e-01,-5.666162e-01,-3.471783e-01,-5.532306e-01,-4.710043e-01,-5.004674e-01,-4.925701e-01,-7.360389e-01,2.919142e-02,-5.149755e-01,-2.519277e-01,-2.797397e-01,-1.856933e-01,-1.351642e-01,-1.262489e-01,2.159375e-01,8.443638e-01,-9.888524e-02,-4.066824e-01
-6.853032e-01,-5.202241e-01,-8.741352e-01,-8.905054e-01,-4.280855e-01,-1.111300e-01,9.787467e-01,-2.942790e-01,-9.430026e-01,3.357560e-01,4.383633e-01,3.418999e-01,-6.755213e-01,-3.576496e-01,1.469574e-01,1.031570e+00,2.381946e-03,9.912792e-01,-5.845340e-01,3.933474e-01,-7.273546e-01,-2.975394e-01,-7.857616e-01,-3.027405e-01,-1.351642e-01,-1.262489e-01,6.259678e-01,3.448277e-01,6.877031e-01,-7.759056e-02
-4.133636e-01,-6.665845e-01,-4.302516e-01,-4.301128e-01,-1.052732e-01,-1.050279e-01,-1.217857e+00,1.113681e+00,1.846765e+00,6.879569e-01,-3.283594e+00,3.274352e+00,-5.728249e-01,-3.527924e-01,-2.208773e-01,-3.941378e-02,5.956445e-02,-1.480772e-01,-3.386902e+00,-1.814278e+00,-3.771485e-01,-2.902563e-01,2.009408e-01,-1.562031e-01,-1.351642e-01,-1.262489e-01,-2.133213e+00,3.364997e-01,1.417139e+00,-1.389306e-01
-7.240068e-01,-7.153713e-01,-9.897772e-01,-9.585237e-01,-4.017813e-01,-1.113052e-01,-3.666248e-01,6.964709e-01,1.399275e+00,1.029529e+00,-2.267128e+00,1.211277e+00,3.627443e-01,-1.066732e-01,3.756237e-01,2.525914e-01,3.001028e-01,2.370262e-01,-2.603225e+00,-3.944752e-01,-7.799531e-01,-3.003918e-01,-5.976207e-01,-3.128570e-01,-1.351642e-01,-1.262489e-01,-1.542223e+00,6.314907e-01,1.127072e+00,-5.462439e-01
-6.773595e-01,-3.738636e-01,-7.488984e-01,-7.661435e-01,-4.514386e-01,-1.113222e-01,-3.960602e-01,1.363281e-01,-3.565621e-01,2.525142e-01,3.564985e-01,-1.389172e-02,1.747060e-01,7.489496e-01,5.133315e-01,3.929839e-01,3.513040e-01,3.509627e-01,6.364569e-01,6.982580e-01,-9.930495e-01,-2.659085e-01,-8.736302e-01,-3.161297e-01,-1.351642e-01,-1.262489e-01,8.019007e-02,8.908906e-02,-5.270720e-01,-3.648902e-01
-2.554603e-01,-6.665845e-01,-4.883251e-01,-4.727511e-01,5.489089e-02,-8.523128e-02,2.714300e-01,1.743281e+00,4.977300e-01,2.050980e+00,-1.249836e+00,2.562789e+00,9.814632e-01,3.132684e-01,-3.133922e-01,-4.330619e-01,-2.881499e-01,-5.317702e-01,-2.078926e+00,-1.233117e+00,-1.622903e-02,-1.603637e-01,2.273517e-01,7.266043e-02,-1.351642e-01,-1.262489e-01,-5.762857e-01,1.880318e+00,1.485383e+00,-5.452494e-01
-7.721545e-01,-7.641581e-01,-1.083200e+00,-1.076287e+00,-4.406800e-01,-1.112749e-01,1.599782e-01,-1.190596e+00,-2.242769e+00,1.352343e+00,2.439222e+00,6.093860e-01,-1.165816e+00,-4.029614e-01,2.713249e+00,6.393108e-01,2.367336e+00,7.192923e-01,2.008976e-01,1.500579e+00,-8.364962e-01,-2.862021e-01,-8.191481e-01,-3.113606e-01,-1.351642e-01,-1.262489e-01,8.459861e-01,-1.238639e+00,-1.318068e+00,-6.446314e-01
-7.713601e-01,-6.177977e-01,-1.048861e+00,-1.056490e+00,-4.784579e-01,-1.113815e-01,1.517026e+00,3.950870e-01,-1.466138e+00,-1.059987e+00,1.793410e+00,-1.432322e+00,-1.126290e+00,-4.017760e-01,2.979406e-01,-3.940908e-01,9.937074e-02,-4.226582e-01,9.415733e-01,-1.175296e+00,-8.891489e-01,-3.101064e-01,-1.024087e+00,-3.221236e-01,-1.351642e-01,-1.262489e-01,1.450607e+00,-1.093232e+00,2.996561e-01,-2.800594e-01
-5.192356e-01,1.089740e+00,-2.171705e-02,-9.915816e-02,-4.977510e-01,-1.114538e-01,3.323159e-01,-8.422495e-01,-1.005082e+00,-9.541490e-02,8.575994e-01,-1.059550e+00,-8.940160e-01,-3.981172e-01,-3.827887e-01,-5.839036e-01,-5.577884e-01,-6.153101e-01,-6.369396e-02,-1.839441e-01,-1.116311e+00,-3.070150e-01,-1.127282e+00,-3.306550e-01,-1.351642e-01,-1.262489e-01,5.755979e-01,-3.937439e-01,-6.203399e-02,-3.768807e-01
1.200561e-01,4.456030e+00,2.257290e+00,2.050017e+00,-4.896966e-01,-1.114533e-01,3.484285e-01,-7.851695e-01,-8.915775e-01,-5.922755e-02,8.762273e-01,-3.389984e-01,3.668397e-01,-2.947013e-01,-8.300851e-01,-6.543755e-01,-9.617355e-01,-6.898959e-01,4.257433e-01,-3.624484e-02,-1.069176e+00,-3.125035e-01,-1.064889e+00,-3.309368e-01,-1.351642e-01,-1.262489e-01,7.701932e-01,-3.818508e-01,-2.876356e-01,-4.281936e-01
8.223537e-02,-4.714373e-01,6.059532e-02,9.779002e-02,1.000538e-01,-9.456074e-02,-9.925967e-01,8.045200e-01,4.808299e-01,-5.957046e-01,-3.829808e-01,-4.309981e-01,1.306309e+00,-2.834983e-02,-8.938967e-01,-5.921032e-01,-8.243607e-01,-6.173115e-01,-1.812963e+00,6.535975e-01,4.226192e-01,-8.178928e-02,4.878666e-01,6.997453e-03,-1.351642e-01,-1.262489e-01,-3.348231e-01,4.308910e-01,-9.324427e-01,3.162614e-01
-2.780998e-01,-7.641581e-01,-8.190916e-01,-8.077667e-01,2.036274e-01,-9.012734e-02,4.823605e-01,-8.201687e-01,-2.154069e-01,-1.068329e+00,4.573542e-01,-7.761803e-01,-6.741498e-01,-3.805938e-01,-8.885343e-01,-6.491800e-01,-8.310339e-01,-6.946016e-01,2.301344e-01,-4.805695e-01,1.167579e+00,5.846656e-01,6.518747e-01,1.094906e-01,-1.351642e-01,-1.262489e-01,4.362917e-01,1.916660e-01,-2.322756e-02,-5.575744e-01
-4.285007e-01,-7.641581e-01,-7.398087e-01,-7.118304e-01,7.486363e-03,-1.024054e-01,-4.067224e-01,-7.381249e-04,4.925990e-01,1.264650e-01,-2.717224e-01,1.985748e+00,-6.796620e-01,-3.812046e-01,1.338764e+00,2.373599e+00,1.315892e+00,2.449599e+00,-1.012443e+00,-1.841437e+00,4.670947e-01,-1.854730e-02,3.638848e-01,-4.975418e-02,-1.351642e-01,-1.262489e-01,-1.453894e+00,-7.045474e-01,5.734428e-01,-5.764816e-01
-5.513193e-01,1.140044e-01,-5.610433e-01,-5.854382e-01,-4.524485e-01,-1.113962e-01,2.160609e+00,-1.136588e+00,-1.742706e+00,1.117281e-01,1.357535e+00,-4.396268e-01,7.780064e-02,-1.048049e-02,-6.585019e-01,-3.964946e-01,-7.694486e-01,-4.329862e-01,-6.495255e-01,-3.246181e-01,-6.289759e-01,-3.034157e-01,-8.523118e-01,-3.228142e-01,-1.351642e-01,-1.262489e-01,1.426955e+00,8.561235e-03,9.601702e-01,-5.393492e-01
-5.233398e-01,-8.617317e-01,-9.791725e-01,-9.752744e-01,6.493582e-02,-9.581958e-02,-3.109376e-01,-1.401166e+00,7.518830e-02,1.625155e-01,-3.343005e-01,9.574785e-01,-1.009214e+00,-4.013993e-01,-1.540434e-01,3.962543e-01,-4.418564e-02,2.890820e-01,-1.057160e+00,-9.704474e-01,9.040106e-01,5.211144e-01,4.558303e-01,1.834566e-02,-1.351642e-01,-1.262489e-01,-1.013286e+00,-5.538238e-01,9.452025e-01,4.674015e-01
-4.484924e-01,-1.299296e-01,-4.216668e-01,-4.514320e-01,-3.763701e-01,-1.111832e-01,5.487615e-01,-8.632242e-01,1.359309e+00,-2.414702e-01,-1.469894e+00,3.530716e-01,-6.146678e-01,-3.785308e-01,-7.671439e-01,-5.635470e-01,-7.658260e-01,-5.930540e-01,-8.774819e-01,-4.071613e-01,-4.469726e-01,-2.858404e-01,-4.844634e-01,-3.105747e-01,-1.351642e-01,-1.262489e-01,-1.140565e+00,-4.042882e-01,2.278905e+00,-1.045290e-01
-2.758050e-01,-6.177977e-01,-5.383188e-01,-5.296022e-01,-2.607298e-02,-1.037697e-01,-3.094547e-02,1.124841e+00,-5.155126e-01,1.992552e+00,-1.416384e-01,1.919856e+00,-5.059792e-01,-3.514948e-01,4.289683e-01,1.433400e+00,5.697948e-01,1.470134e+00,1.502015e-01,1.207595e-01,4.704673e-01,1.575455e-01,2.736949e-01,-7.262712e-02,-1.351642e-01,-1.262489e-01,-4.763114e-01,4.577107e-01,2.605319e-01,-2.763598e-01
-4.599225e-01,-5.202241e-01,-6.625456e-01,-6.585325e-01,-2.566298e-01,-1.097756e-01,3.902310e-01,-3.201596e-01,1.130407e+00,-8.633671e-01,-7.550738e-01,-7.202703e-01,-5.861563e-01,-3.610026e-01,-7.220271e-01,-4.616337e-01,-5.847561e-01,-5.162928e-01,1.711409e-01,-1.507506e+00,-2.412247e-01,-2.194014e-01,-1.949165e-01,-2.294434e-01,-1.351642e-01,-1.262489e-01,-1.239154e+00,-8.945830e-01,1.558986e+00,-5.042282e-01
2.804942e+00,-2.275032e-01,4.368107e-01,4.830586e-01,1.295043e+00,6.613905e-01,6.020075e-01,-3.794368e-01,7.346005e-01,-9.331300e-01,-5.109637e-01,-8.098198e-01,9.190972e-01,7.628167e-01,-9.462087e-01,-6.593554e-01,-7.303675e-01,-6.022990e-01,-1.117003e+00,-8.265220e-01,4.802497e-01,8.522575e-01,6.485072e-01,1.611555e+00,-1.351642e-01,-1.262489e-01,-4.827897e-01,-5.631725e-01,1.199873e+00,-3.027073e-01
-7.432040e-01,-7.641581e-01,-1.077140e+00,-1.075271e+00,-4.029252e-01,-1.111222e-01,1.161359e+00,-1.274706e+00,-1.425176e+00,1.455569e+00,8.058991e-01,1.779193e+00,-1.071966e+00,-3.982485e-01,7.671489e-01,1.644963e-01,6.043299e-01,1.725064e-01,-1.245506e+00,5.329308e-01,-5.244104e-01,-2.992197e-01,-6.478382e-01,-2.993945e-01,-1.351642e-01,-1.262489e-01,4.983484e-01,-1.380692e-02,6.953649e-01,-6.968427e-01
-7.003080e-01,-7.153713e-01,-1.036741e+00,-1.043800e+00,-3.747385e-01,-1.101078e-01,1.578499e+00,-6.310967e-01,3.515403e-01,-4.361626e-01,-1.917953e-03,-1.173060e+00,-1.106922e+00,-4.023572e-01,7.360978e-01,6.298105e-01,5.498303e-01,7.332836e-01,-5.442765e-01,1.435447e+00,-5.759771e-01,-2.460450e-01,-6.460900e-01,-2.576605e-01,-1.351642e-01,-1.262489e-01,1.473433e+00,-1.996705e-02,4.662951e-01,-1.938613e-01
-3.367950e-01,-8.114282e-02,-3.151140e-01,-3.219941e-01,-3.369884e-01,-1.104996e-01,3.014015e-01,8.052208e-01,-7.874645e-01,1.227847e-01,6.752045e-01,2.058095e+00,-6.554028e-01,-3.304788e-01,-8.546749e-02,-7.146275e-02,-1.749405e-01,-1.079566e-01,7.141626e-01,5.171033e-01,-3.806075e-01,-1.637165e-01,-5.207676e-01,-2.451297e-01,8.029294e+00,7.361424e+00,1.210138e+00,3.994797e+00,1.973904e+00,6.023427e+00
8.064706e-02,4.067252e-01,4.393365e-01,4.378822e-01,-2.889106e-01,-1.092628e-01,4.945790e-01,4.087515e-01,-6.669360e-01,-5.999911e-01,9.642692e-01,-1.032856e+00,1.576350e+00,5.130191e-01,-7.826449e-01,-5.914241e-01,-8.170752e-01,-6.266747e-01,-9.006285e-01,1.345791e-01,-2.078213e-01,-2.400534e-01,-3.321243e-01,-2.355992e-01,-1.351642e-01,-1.262489e-01,4.411515e-01,-6.250426e-01,-1.818213e-01,-1.393082e-01
-1.032500e-01,7.482328e-01,3.706582e-01,3.211343e-01,-3.846884e-01,-1.110896e-01,1.228380e+00,-2.398879e-01,-1.396768e+00,1.845196e-01,1.257285e+00,-7.153700e-01,-2.414722e-01,-2.894124e-01,-4.024421e-01,-4.684597e-01,-5.037199e-01,-4.942362e-01,-7.004375e-01,4.061215e-01,-4.877197e-01,-2.926599e-01,-5.668248e-01,-2.999413e-01,-1.351642e-01,-1.262489e-01,1.205220e+00,-1.080044e-01,1.835685e-01,-3.401455e-01
4.487499e-01,-3.235602e-02,6.276967e-01,6.525966e-01,-2.157543e-02,-1.071949e-01,-3.429111e-01,1.203992e+00,-3.538375e-01,8.935953e-01,6.807087e-01,-9.452631e-01,1.147814e+00,1.303455e+00,-6.321389e-01,-5.249359e-01,-5.922714e-01,-5.149857e-01,-6.537546e-02,7.205177e-01,4.950728e-01,-5.897345e-02,4.129242e-01,-1.408922e-01,-1.351642e-01,-1.262489e-01,1.094512e+00,4.010779e+00,-1.596833e+00,1.369082e+00
-2.315408e-01,-3.235602e-02,4.544638e-02,2.926505e-02,-3.038606e-01,-1.103572e-01,-4.022018e-01,-1.219970e-01,5.307993e-01,-5.254693e-01,-3.691624e-01,-7.276421e-01,1.011995e+00,8.707274e-02,-5.711098e-02,-4.222784e-02,-1.191015e-01,4.276949e-03,-8.061405e-01,1.773159e+00,-3.556951e-01,-2.668252e-01,-2.920082e-01,-2.678064e-01,-1.351642e-01,-1.262489e-01,5.202888e-02,-5.043427e-01,-8.888900e-01,-1.748386e-01
-5.695016e-01,-6.177977e-01,-7.271839e-01,-7.214747e-01,-2.941843e-01,-1.107673e-01,-6.091413e-01,-1.306654e-01,8.957726e-01,-4.178923e-01,-8.557457e-01,9.838990e-01,-9.872334e-01,-3.998185e-01,2.402582e-01,-2.117688e-01,1.520443e-01,-2.224697e-01,2.696799e-01,2.301150e+00,-4.059047e-01,-2.182645e-01,-2.915110e-01,-2.495122e-01,9.468210e+00,9.725443e+00,-1.201888e+00,-1.441539e+00,1.984623e+00,6.514485e+00
1.484770e-01,-3.235602e-02,6.585006e-01,6.830522e-01,-1.461728e-01,-1.089074e-01,-1.766082e+00,1.495136e-01,-3.142040e-01,2.435174e-01,1.038423e-01,-7.013630e-01,5.623414e-01,-2.049583e-01,-8.337769e-01,-5.989170e-01,-7.588727e-01,-6.336206e-01,-1.089068e+00,3.562307e-01,1.077762e-01,-2.181961e-01,2.077338e-01,-2.284581e-01,-1.351642e-01,-1.262489e-01,-8.135439e-01,-9.784587e-01,-1.684964e+00,6.331830e-02
-4.288538e-01,-4.714373e-01,-4.090421e-01,-4.032101e-01,-2.588430e-01,-1.108844e-01,-1.318240e+00,-7.588427e-01,1.895653e-01,-4.993341e-01,3.148458e-01,-7.829084e-01,9.251471e-01,1.848734e+00,5.982536e-01,3.204900e-01,5.817888e-01,3.278577e-01,-1.118410e+00,1.242144e+00,-3.852590e-02,-2.950104e-01,-1.841084e-02,-2.975042e-01,-1.351642e-01,-1.262489e-01,-8.124497e-02,-2.563096e-01,-1.292402e+00,3.857559e-01
-1.832608e-01,-8.114282e-02,-1.267539e-01,-1.489028e-01,-2.702461e-01,-1.097928e-01,2.186490e-01,-8.359401e-01,-2.370417e-01,3.420814e-01,3.894478e-01,-3.248871e-01,-2.836907e-01,-2.953993e-01,-2.309473e-01,-3.930630e-01,-2.845108e-01,-4.103831e-01,-1.092002e+00,1.067459e+00,1.399523e-02,-2.184540e-01,-1.773097e-01,-2.584662e-01,-1.351642e-01,-1.262489e-01,1.123793e+00,1.583553e-01,-7.764260e-01,-3.339526e-01
-4.777076e-01,-4.714373e-01,-5.898275e-01,-5.986357e-01,-2.931493e-01,-1.108480e-01,3.353099e-02,-9.351396e-02,-1.073311e+00,5.857798e-01,9.705694e-01,5.814291e-01,-8.934392e-01,-3.980827e-01,-2.547071e-01,-3.570259e-01,-2.938062e-01,-3.931984e-01,-2.476270e+00,-1.311900e+00,5.626749e-02,-2.622682e-01,-1.674416e-01,-2.925819e-01,-1.351642e-01,-1.262489e-01,7.474824e-01,3.853084e-01,-6.014689e-01,-3.664897e-01
-4.627588e-02,2.603648e-01,3.696483e-01,3.328085e-01,-3.002791e-01,-1.109022e-01,-3.133464e-01,-4.810389e-01,1.470718e-01,-1.074178e-01,-5.925805e-02,5.354874e-02,7.857584e-01,-2.431184e-02,-7.864354e-01,-5.207861e-01,-7.416672e-01,-5.486396e-01,-1.285579e+00,1.167931e+00,-2.298710e-01,-2.775162e-01,-2.182038e-01,-2.873713e-01,-1.351642e-01,-1.262489e-01,3.531269e-02,2.137707e-01,-3.326945e-01,-2.703410e-01
-3.800882e-01,-6.177977e-01,-4.908501e-01,-4.798575e-01,-1.212715e-01,-1.063110e-01,-7.179905e-01,2.190242e+00,-2.264213e+00,4.026831e+00,1.171239e+00,1.230376e+00,-6.270929e-01,-3.647889e-01,6.934381e-01,5.418089e-01,6.997298e-01,6.699376e-01,-3.411381e-01,-3.088702e-01,-5.442793e-03,-1.378338e-01,5.122491e-02,-1.200953e-01,-1.351642e-01,-1.262489e-01,2.639472e-01,4.117725e-01,-3.074703e+00,8.390148e-01
1.212041e-01,-3.235602e-02,6.181013e-01,6.495511e-01,-1.574898e-01,-1.094870e-01,-1.569501e+00,9.526759e-01,1.716675e+00,-1.317460e+00,-1.155782e+00,1.469253e-01,1.009369e+00,8.839742e-01,-7.624029e-01,-6.015471e-01,-6.555682e-01,-6.077608e-01,-3.845390e-01,-3.694573e-01,-1.036969e-01,-2.219259e-01,1.363309e-01,-2.158222e-01,5.714163e+00,6.338251e+00,-1.342670e+00,2.309884e-01,3.445630e-01,3.890244e+00
1.565097e-01,-5.690109e-01,-1.504883e-01,-1.301214e-01,2.833437e-01,-8.413347e-02,-1.789905e+00,-1.142034e+00,-8.756362e-01,2.457462e+00,6.274166e-01,4.234052e-01,-1.922280e-01,-3.482817e-01,3.743387e-01,9.974642e-02,4.888092e-01,2.103713e-01,-7.804332e-01,-5.346032e-01,8.571663e-01,1.644263e-01,9.356578e-01,5.094906e-02,-1.351642e-01,-1.262489e-01,-1.061308e+00,-9.489676e-01,-1.573381e+00,-1.007276e-01
-3.893118e-01,-3.738636e-01,-4.509561e-01,-4.280824e-01,-2.761357e-01,-1.110817e-01,1.868886e-01,-3.374641e-01,-1.370373e-01,-4.906373e-01,4.945695e-01,-6.472279e-01,-7.104904e-01,-3.885931e-01,-7.998979e-02,-3.499515e-01,-1.105882e-01,-3.922049e-01,1.068146e-01,2.434548e-01,1.753417e-01,-2.973733e-01,-6.292046e-02,-3.061402e-01,-1.351642e-01,-1.262489e-01,5.180036e-01,6.476657e-01,-5.603238e-01,-3.786959e-01
-5.004796e-01,-5.690109e-01,-5.953823e-01,-5.839154e-01,-2.618886e-01,-1.106568e-01,-8.702180e-01,-2.527028e-01,3.871684e-02,-1.027795e-01,4.702800e-01,7.869824e-01,-8.571261e-01,-3.912831e-01,2.137824e-01,-1.930470e-01,2.144486e-01,-1.402919e-01,1.058426e+00,-8.793884e-01,-2.672445e-01,-2.679236e-01,-8.691601e-02,-2.754565e-01,-1.351642e-01,-1.262489e-01,-1.255018e+00,-4.196879e-01,-2.414818e-01,-9.405010e-02
2.603952e-01,-8.114282e-02,6.468853e-01,6.591951e-01,-7.738530e-02,-1.078112e-01,-1.463222e+00,2.853450e-01,1.033840e+00,-1.272451e+00,-6.855913e-01,-3.207873e-02,-1.212167e-01,-3.509579e-01,-2.690649e-01,-6.123194e-02,-1.991198e-01,-6.671741e-02,1.352490e-01,-1.278342e+00,1.158369e-01,-1.997774e-01,2.966380e-01,-1.685778e-01,1.178118e+00,2.606507e-01,-1.817357e+00,-9.340917e-01,3.422624e-01,2.773016e+00
-6.105999e-02,-1.299296e-01,3.731830e-01,4.003194e-01,-1.995294e-01,-1.099424e-01,-1.631962e+00,1.685743e+00,-5.542770e-02,1.683729e+00,2.563032e-03,-1.074305e-01,-3.000872e-01,-3.535562e-01,-5.014396e-01,-4.112947e-01,-4.138008e-01,-4.243331e-01,7.546552e-02,-6.550604e-01,-3.326760e-01,-2.187085e-01,3.065974e-03,-2.232431e-01,-1.351642e-01,-1.262489e-01,-1.272737e+00,4.783154e-01,-1.750114e+00,6.989943e-01
-1.775678e-01,-1.787164e-01,1.868221e-02,5.407891e-03,-2.360605e-01,-1.107062e-01,-6.602885e-01,-2.649156e-01,3.112005e-01,-3.038994e-01,3.296582e-02,-2.768848e-01,6.557966e-01,4.485222e-01,-7.798965e-02,4.027558e-01,-1.280076e-01,4.124578e-01,-3.317192e-02,-1.122696e+00,3.324839e-02,-2.697996e-01,2.335520e-02,-2.819669e-01,-1.351642e-01,-1.262489e-01,-8.656046e-01,-4.853439e-01,-2.516134e-01,-4.258224e-01
4.137972e-01,-4.226504e-01,4.378216e-01,5.094536e-01,2.684611e-01,-1.040847e-01,-1.897050e+00,-1.026096e-01,1.974234e+00,-1.515476e+00,-2.010960e+00,-3.618443e-02,1.098775e+00,1.372914e-01,2.943613e-01,-3.809282e-01,4.796660e-01,-4.003700e-01,-1.111808e-01,-1.187073e+00,1.281239e+00,-4.659555e-02,1.164489e+00,-1.072190e-01,5.752894e-01,-5.076353e-02,-2.510635e+00,-1.127937e+00,1.095768e+00,4.809524e+00
-7.359340e-02,-2.762900e-01,1.565242e-02,3.129536e-02,-1.410550e-01,-1.081015e-01,-8.040689e-01,-4.410671e-01,7.913989e-01,-8.702268e-01,-4.902285e-01,-5.750508e-01,-2.892233e-01,-3.224665e-01,1.160765e-01,-1.343348e-01,9.734797e-02,-2.003514e-01,-3.535745e-01,1.240275e-01,9.313373e-02,-2.000351e-01,1.655434e-01,-2.025237e-01,-1.351642e-01,-1.262489e-01,-6.335766e-01,-5.726659e-01,-2.108553e-01,8.814486e-01
5.423087e-01,1.040954e+00,1.183687e+00,1.210448e+00,-2.758884e-01,-1.072131e-01,-7.951593e-02,2.745360e-02,3.520433e-01,3.540905e-01,-4.542934e-01,5.148654e-01,2.006450e-01,-2.976520e-01,-5.787493e-01,-5.412952e-01,-5.901527e-01,-5.743162e-01,-1.040197e+00,-6.693749e-01,-4.083323e-01,-2.266031e-01,-3.494820e-01,-2.135162e-01,-1.351642e-01,-1.262489e-01,-9.156970e-01,-1.964509e-01,7.953621e-01,-4.615524e-01
3.292465e+00,3.431507e+00,3.799014e+00,3.767226e+00,-1.603814e-01,-5.343866e-02,9.138246e-01,-5.425481e-01,6.075776e-01,-2.813309e-01,-6.449836e-01,-2.908055e-02,1.757037e+00,7.894419e-01,-7.498686e-01,-6.568770e-01,-7.569740e-01,-6.845148e-01,7.918253e-01,6.002302e-01,-3.682149e-01,-1.687290e-01,-3.368123e-01,-6.304080e-02,-1.351642e-01,-1.262489e-01,2.950798e-01,-7.268927e-02,7.673022e-01,-2.158732e-01
8.071434e-01,1.772756e+00,2.215880e+00,2.247981e+00,-3.094374e-01,-1.101730e-01,-1.110875e+00,-4.631092e-01,5.714044e-02,-5.672738e-01,3.362866e-01,-6.633392e-01,3.183655e-01,-2.664490e-01,-7.415719e-01,-6.198873e-01,-7.610641e-01,-6.476219e-01,-1.975580e-01,-1.326590e-01,-3.424584e-01,-2.131515e-01,-3.302220e-01,-2.655933e-01,-1.351642e-01,-1.262489e-01,-6.843827e-01,-8.338612e-01,-9.332959e-01,-9.728324e-02
8.438171e-01,8.945933e-01,1.812901e+00,1.867789e+00,-1.873073e-01,-1.085453e-01,-9.302126e-01,-1.188928e-01,7.516833e-01,-5.192892e-01,-4.157634e-01,-3.072274e-01,7.179903e-01,8.731764e-02,-4.939481e-01,-5.427324e-01,-4.554729e-01,-5.662911e-01,-1.417755e+00,-7.997009e-01,-5.515451e-02,-1.618036e-01,1.626664e-02,-2.142773e-01,-1.351642e-01,-1.262489e-01,-1.201167e+00,-5.588768e-01,-1.362339e-01,4.870546e-02
5.065184e-01,2.553345e+00,2.119428e+00,2.037834e+00,-4.014073e-01,-1.109749e-01,4.646632e-02,-2.903203e-01,7.341431e-02,2.813284e-01,-2.751112e-02,-7.186820e-02,5.609994e-01,-6.008157e-02,-8.210782e-01,-6.443039e-01,-8.677572e-01,-6.834945e-01,-7.501520e-01,8.748705e-01,-7.353512e-01,-2.898340e-01,-6.644221e-01,-2.979758e-01,-1.351642e-01,-1.262489e-01,2.398317e-01,-2.607119e-01,-8.860848e-02,-2.325807e-01
9.894075e-01,8.458065e-01,1.722003e+00,1.767792e+00,-1.445375e-01,-1.064236e-01,-6.457903e-01,3.546653e-02,1.734845e-01,-9.862438e-01,3.614312e-01,-7.346981e-01,5.360579e-01,-9.527115e-02,-5.348589e-01,-6.205546e-01,-5.085688e-01,-6.366901e-01,-8.335353e-01,8.638301e-01,9.106376e-02,-1.052575e-01,5.855521e-02,-1.712378e-01,-1.351642e-01,-1.262489e-01,-1.622994e-01,-3.996765e-01,-8.163861e-01,5.004820e-02
2.923031e-01,2.114263e+00,1.584646e+00,1.475415e+00,-4.081799e-01,-1.111482e-01,3.482671e-01,-2.040053e-01,-5.579487e-01,1.636513e-01,7.739746e-01,-1.943777e-01,4.345641e-01,-9.105413e-02,-7.020132e-01,-6.020626e-01,-7.811623e-01,-6.247539e-01,7.363630e-02,-3.629627e-01,-6.759237e-01,-2.897113e-01,-6.830477e-01,-3.024691e-01,-1.351642e-01,-1.262489e-01,-1.015944e-01,-5.164644e-01,5.283460e-01,-3.571350e-01
6.539182e-01,2.699705e+00,2.183057e+00,2.117021e+00,-3.906029e-01,-1.111447e-01,6.651859e-01,-2.687076e-01,9.929105e-04,2.247337e-01,-9.875363e-02,3.860714e-02,3.441175e-01,-2.595211e-01,-6.798052e-01,-6.116452e-01,-7.527653e-01,-6.377872e-01,2.007680e-01,-6.174459e-01,-5.585050e-01,-2.809744e-01,-5.837329e-01,-3.039762e-01,-1.351642e-01,-1.262489e-01,-4.416784e-01,-4.451443e-01,1.126408e+00,-3.347258e-01
9.392737e-01,2.309411e+00,2.271429e+00,2.228185e+00,-3.329982e-01,-1.103622e-01,9.838485e-01,2.595550e-01,-6.289821e-01,1.376352e-01,5.601255e-01,-1.567020e-02,6.143326e-01,-1.214202e-01,-6.388625e-01,-6.380026e-01,-6.725270e-01,-6.724266e-01,1.437316e-01,8.707228e-02,-3.678981e-01,-2.691258e-01,-4.194756e-01,-2.712248e-01,-1.351642e-01,-1.262489e-01,6.402211e-01,-1.421126e-01,4.094603e-01,-2.194737e-01
1.261214e+00,3.724228e+00,3.506122e+00,3.381450e+00,-3.724505e-01,-1.106238e-01,6.343555e-01,-1.651076e-01,2.256939e-01,-4.097074e-01,-1.314631e-01,-2.077616e-01,1.142154e+00,-2.031996e-02,-8.413763e-01,-6.493017e-01,-8.842932e-01,-6.843176e-01,2.129937e-02,8.442413e-01,-5.771030e-01,-2.857171e-01,-5.502672e-01,-2.884253e-01,-1.351642e-01,-1.262489e-01,3.806452e-01,5.493059e-02,3.488257e-01,-2.844563e-01
1.550807e+00,1.627912e-01,1.373562e+00,1.424148e+00,2.811448e-01,-5.633875e-02,7.791668e-02,2.563165e-01,-3.039215e-01,5.897486e-01,-7.224423e-03,-4.181924e-02,1.349142e+00,5.280103e-01,-5.032123e-01,-6.213542e-01,-3.946328e-01,-6.369510e-01,3.170579e-01,-2.036642e-01,8.010662e-01,-2.255681e-02,6.856401e-01,1.525168e-01,-1.351642e-01,-1.262489e-01,-2.443492e-01,-7.697032e-02,-1.038319e-01,-3.219497e-01
1.269732e+00,-3.250768e-01,4.221667e-01,4.246841e-01,6.521320e-01,-3.231542e-02,5.961631e-01,1.057039e-01,4.646566e-01,1.382909e-02,-7.297407e-01,4.850365e-01,1.504146e+00,8.287831e-01,-3.433942e-01,-3.075198e-01,-1.675397e-01,-2.914507e-01,-1.061164e+00,3.808771e-01,1.224524e+00,4.189320e-01,1.089149e+00,4.794997e-01,-1.351642e-01,-1.262489e-01,1.041436e-01,2.266861e-01,6.417772e-01,-6.858364e-02
1.153048e+00,-8.114282e-02,3.903518e-01,4.383897e-01,3.106570e-01,-4.271326e-02,-5.702513e-01,-8.194315e-01,3.937484e-01,5.230166e-01,-3.726793e-01,-1.719943e-01,3.885888e-01,1.283831e-01,-3.784405e-01,-4.402825e-01,-3.163583e-01,-3.509556e-01,-7.358213e-01,-2.218253e-01,3.479345e-01,4.035537e-01,3.891683e-01,3.353192e-01,-1.351642e-01,-1.262489e-01,-6.950816e-01,-3.881701e-01,-1.302334e-02,-3.059135e-01
9.790556e+00,-6.177977e-01,9.407883e-01,1.051570e+00,9.163356e+00,1.356708e+01,2.400547e-02,6.473608e-01,1.464401e+00,-1.028123e+00,-1.383176e+00,-2.176579e-01,2.547828e+00,2.477628e+00,3.567924e-01,5.432620e-01,1.178934e+00,9.572516e-01,-6.474718e-01,-1.550283e+00,3.424627e+00,1.049828e+01,3.654569e+00,1.103225e+01,-1.351642e-01,-1.262489e-01,-1.283826e+00,-4.178126e-01,8.785020e-01,-4.670658e-01
2.824167e-01,1.140044e-01,6.509261e-01,6.322925e-01,-1.480062e-01,-1.082148e-01,-8.242630e-01,-2.933274e-01,8.847858e-01,-7.918614e-01,-6.894384e-01,1.829113e-01,-1.891217e-01,-3.311418e-01,-8.272226e-01,-6.470270e-01,-7.436728e-01,-6.658492e-01,1.497465e+00,-5.165964e-01,2.997898e-02,-1.899793e-01,1.470424e-01,-2.075149e-01,-1.351642e-01,-1.262489e-01,-4.071372e-01,-1.373947e-02,-5.678924e-01,-6.714381e-02
-4.111128e-01,-5.202241e-01,-6.741604e-01,-6.839124e-01,-2.194984e-01,-1.056967e-01,7.067237e-01,-8.313936e-01,-1.446072e+00,8.290344e-01,9.663205e-01,-3.110982e-02,-2.453401e-01,-6.646768e-02,3.821822e-01,-9.580459e-02,3.230490e-01,-1.239961e-01,3.396780e-01,-1.234571e+00,7.745951e-02,-6.184180e-02,-1.966298e-01,-1.748070e-01,-1.351642e-01,-1.262489e-01,4.997309e-02,-1.708306e-01,6.218559e-01,-5.403047e-01
-3.899296e-01,-1.299296e-01,-2.928956e-01,-3.082892e-01,-3.496395e-01,-1.103798e-01,-7.680358e-02,-9.573933e-02,-3.640851e-01,3.089736e-01,5.215255e-01,3.140002e-01,-1.316206e-02,1.933988e-01,-5.268439e-01,-4.106222e-01,-5.614672e-01,-3.838545e-01,3.995703e-01,3.587830e-02,-5.556694e-01,-2.482570e-01,-5.050166e-01,-2.671400e-01,-1.351642e-01,-1.262489e-01,-3.953132e-01,-3.557735e-01,2.891274e-02,-1.915575e-01
1.462263e-01,4.067252e-01,6.923342e-01,6.982806e-01,-2.695986e-01,-1.090877e-01,-5.754500e-01,8.621616e-02,3.596690e-01,1.192845e-01,-2.520510e-01,4.324955e-01,1.517746e+00,1.825296e-01,-7.272362e-01,-5.159471e-01,-7.058626e-01,-5.353975e-01,-2.744132e-02,1.036343e+00,-3.469419e-01,-2.432652e-01,-2.302791e-01,-2.413045e-01,-1.351642e-01,-1.262489e-01,2.430514e-01,7.603587e-01,-7.503869e-01,-1.002103e-01
9.785858e-02,-1.787164e-01,5.019542e-01,5.145294e-01,-1.037276e-01,-1.090336e-01,-2.147884e+00,-2.270585e-01,1.143073e+00,-1.596727e+00,1.034031e-01,-1.436257e+00,1.185220e+00,2.880518e-02,-5.624451e-01,-4.859021e-03,-4.677432e-01,-5.699468e-02,1.286420e-01,-5.332524e-01,1.102911e-01,-2.082885e-01,3.578392e-01,-2.309761e-01,-1.351642e-01,-1.262489e-01,-1.394892e+00,-1.140803e+00,-1.775983e+00,-8.822969e-02
-4.306191e-01,-1.787164e-01,-3.903576e-01,-3.793529e-01,-3.576430e-01,-1.109320e-01,-3.909197e-01,-8.318540e-01,-1.969792e-01,-5.834945e-01,7.043861e-01,-8.030639e-01,-1.176285e-02,9.471277e-02,-7.762435e-01,-5.822289e-01,-8.180244e-01,-6.039387e-01,9.195968e-01,-4.866921e-01,-3.722268e-01,-2.773872e-01,-4.446176e-01,-2.958087e-01,-1.351642e-01,-1.262489e-01,-3.833197e-01,-8.350572e-01,-3.712349e-01,-5.429281e-01
-3.129198e-01,6.521759e-02,-1.312996e-01,-1.666690e-01,-3.569114e-01,-1.111315e-01,2.342192e-01,-8.043977e-01,1.101003e+00,-1.420650e+00,-3.275486e-01,-1.205646e+00,-6.317238e-01,-3.855435e-01,-4.929254e-02,-3.716549e-01,-1.372756e-01,-3.836704e-01,-6.605933e-01,1.469392e+00,-4.037573e-01,-2.838433e-01,-4.135820e-01,-3.044221e-01,-1.351642e-01,-1.262489e-01,-1.816295e-01,-8.605771e-01,3.186828e-01,-4.894835e-01
2.866980e-01,1.675182e+00,1.289735e+00,1.223138e+00,-3.836812e-01,-1.112441e-01,4.587308e-01,-1.038311e+00,-3.762484e-01,-8.740007e-02,5.646969e-01,-2.363043e-01,4.241808e-02,-2.778466e-01,-5.254876e-01,-5.873542e-01,-6.072006e-01,-6.133887e-01,-3.952478e-01,8.299867e-01,-4.328112e-01,-2.890980e-01,-5.241298e-01,-3.103879e-01,-1.351642e-01,-1.262489e-01,5.709918e-01,-3.933830e-01,-8.210735e-02,-3.893916e-01
-6.286941e-02,1.138527e+00,5.751772e-01,5.465078e-01,-4.087330e-01,-1.112629e-01,8.339846e-01,-4.136833e-01,-8.938607e-01,1.457264e+00,5.823623e-01,-3.893959e-01,-6.684103e-02,-3.002925e-01,-6.422890e-01,-5.977329e-01,-7.185661e-01,-6.266371e-01,5.868072e-01,1.001892e-01,-5.980870e-01,-2.793827e-01,-6.621293e-01,-3.082158e-01,-1.351642e-01,-1.262489e-01,8.234114e-01,-2.130174e-01,-3.682607e-01,-6.976473e-02
-2.481344e-01,1.480035e+00,3.827774e-01,3.378854e-01,-4.618140e-01,-1.113739e-01,1.214547e+00,-5.640586e-01,-8.860358e-01,7.541538e-01,6.355157e-01,1.183619e-01,-4.215401e-01,-3.598144e-01,-5.467995e-01,-5.342546e-01,-6.710628e-01,-5.637192e-01,6.409909e-02,2.863542e-01,-9.000682e-01,-2.998741e-01,-9.244757e-01,-3.204467e-01,-1.351642e-01,-1.262489e-01,8.447391e-01,3.860360e-02,7.968544e-01,-3.443584e-01
-2.482226e-01,6.994460e-01,3.691433e-01,3.196115e-01,-4.154749e-01,-1.113209e-01,-1.383740e-01,-4.384964e-01,-7.102057e-01,-9.442677e-02,9.161076e-01,-7.034395e-01,-4.564239e-01,-3.660457e-01,-6.856951e-01,-6.067776e-01,-7.629649e-01,-6.406435e-01,-3.798933e-01,-6.719153e-01,-6.121224e-01,-2.892090e-01,-6.679131e-01,-3.158519e-01,-1.351642e-01,-1.262489e-01,-5.213686e-02,-4.705697e-01,-4.800442e-01,-4.425117e-01
-2.301727e-01,6.994460e-01,3.837873e-01,3.495596e-01,-4.110215e-01,-1.113233e-01,-3.001205e-01,-1.137251e-01,-3.276876e-01,1.425009e-01,4.516692e-01,-8.542931e-01,-3.245024e-01,-2.954212e-01,-6.017871e-01,-5.470240e-01,-6.991417e-01,-5.801641e-01,-2.788134e-01,-1.220215e-02,-5.390320e-01,-2.895901e-01,-6.360700e-01,-3.178391e-01,-1.351642e-01,-1.262489e-01,-2.433570e-01,-5.253609e-01,-3.407017e-01,-3.647474e-01
9.009315e-04,1.333674e+00,8.832192e-01,8.388856e-01,-4.099133e-01,-1.112974e-01,4.220406e-02,-7.278366e-01,7.528249e-01,-8.562638e-01,-3.901718e-01,-6.209909e-01,-3.680578e-01,-3.551773e-01,-4.949554e-01,-5.827807e-01,-5.711314e-01,-6.226231e-01,-1.715113e-01,-3.937632e-01,-6.355327e-01,-2.906587e-01,-6.481274e-01,-3.133973e-01,-1.351642e-01,-1.262489e-01,-4.157598e-01,-2.414982e-01,4.872079e-01,-2.083924e-01
1.524053e-01,1.040954e+00,1.126624e+00,1.090147e+00,-3.567832e-01,-1.111037e-01,-2.873789e-01,-4.697455e-01,-1.101025e-02,-1.547197e-01,4.073858e-01,-4.943193e-01,-2.702032e-01,-3.648751e-01,-3.174706e-01,-6.300546e-01,-3.388925e-01,-6.633468e-01,-3.949357e-02,2.200063e-01,-3.415728e-01,-3.026106e-01,-3.930754e-01,-3.108867e-01,-1.351642e-01,-1.262489e-01,-1.678459e-01,-2.965213e-01,-4.868942e-01,-3.615128e-01
-2.743165e-02,1.528822e+00,9.766419e-01,9.272071e-01,-4.264889e-01,-1.113833e-01,-2.469003e-01,-9.233401e-01,-4.952288e-01,-3.516358e-01,7.516242e-01,-4.020910e-01,-5.744506e-02,-1.394542e-01,-7.572398e-01,-6.195228e-01,-8.262450e-01,-6.535275e-01,1.429079e-01,-4.117938e-01,-6.575996e-01,-2.979055e-01,-7.034699e-01,-3.222332e-01,-1.351642e-01,-1.262489e-01,-2.897438e-01,-9.109299e-01,-1.474330e-01,-4.678040e-01
2.720346e-02,1.284888e+00,7.392980e-01,6.886356e-01,-4.017659e-01,-1.113350e-01,8.807791e-01,-9.127324e-01,-5.138557e-01,-6.172416e-02,7.975726e-01,-7.536404e-01,-4.350045e-01,-3.757532e-01,-3.527690e-01,-5.721960e-01,-4.395663e-01,-6.063994e-01,-3.930488e-01,5.827015e-01,-3.967224e-01,-2.991806e-01,-5.793024e-01,-3.201015e-01,-1.351642e-01,-1.262489e-01,4.813526e-01,-3.393702e-01,3.797354e-01,-5.508895e-01
3.060718e-01,1.528822e+00,1.245296e+00,1.186083e+00,-3.701092e-01,-1.110203e-01,6.346720e-01,-9.175972e-01,-6.091706e-01,-1.555655e-01,7.537097e-01,-7.820895e-01,-1.414034e-01,-3.507575e-01,-5.624607e-01,-5.972147e-01,-6.369842e-01,-6.327946e-01,-2.292553e-01,9.070288e-01,-2.989145e-01,-2.942972e-01,-4.654800e-01,-3.082099e-01,-1.351642e-01,-1.262489e-01,1.020570e+00,-8.533846e-01,-4.512762e-01,-4.415213e-01
2.927002e-01,1.870329e+00,1.329123e+00,1.254101e+00,-3.949366e-01,-1.113379e-01,7.388457e-01,-1.098164e+00,-1.929795e-01,-2.867154e-01,5.504238e-01,-4.388344e-01,-1.139025e-01,-3.338403e-01,-5.460121e-01,-6.034476e-01,-6.176716e-01,-6.354183e-01,-7.733333e-01,1.437731e-01,-3.945993e-01,-3.017039e-01,-5.421188e-01,-3.208087e-01,-1.351642e-01,-1.262489e-01,3.372913e-01,-5.530311e-01,4.431508e-01,-3.765078e-01
1.414041e-02,8.458065e-01,6.362811e-01,5.906691e-01,-3.671142e-01,-1.111884e-01,8.526586e-02,-7.717618e-01,-6.302757e-01,-2.922831e-01,9.221399e-01,-2.750220e-01,-2.902247e-01,-3.167887e-01,-5.365730e-01,-5.412835e-01,-5.876638e-01,-5.733397e-01,-6.008712e-01,1.745951e-01,-2.384841e-01,-2.822678e-01,-4.318223e-01,-3.135989e-01,-1.351642e-01,-1.262489e-01,3.209390e-01,1.667956e-01,-1.487560e-01,-3.249384e-01
-5.229868e-01,-2.275032e-01,-4.701456e-01,-4.849335e-01,-3.927447e-01,-1.112592e-01,-6.057250e-01,-1.465798e+00,6.361483e-01,-1.258900e+00,2.685578e-01,-1.356816e+00,-9.121680e-01,-3.974014e-01,4.021799e-01,-4.217726e-02,2.800663e-01,-3.905841e-02,1.734228e-01,1.081350e+00,-5.754664e-01,-2.912346e-01,-5.618866e-01,-3.115774e-01,-1.351642e-01,-1.262489e-01,4.454973e-01,-5.491896e-01,-1.170401e+00,-3.618807e-01
-1.863500e-01,6.018724e-01,4.368107e-01,3.906754e-01,-3.905628e-01,-1.113213e-01,-5.745200e-01,-8.061533e-01,-1.810813e+00,1.431094e-01,1.773320e+00,-1.066219e+00,-1.772615e-01,-3.065463e-01,-6.719229e-01,-5.555133e-01,-7.353096e-01,-5.897977e-01,4.467960e-01,2.818987e-01,-4.182506e-01,-2.916521e-01,-5.372102e-01,-3.159558e-01,-1.351642e-01,-1.262489e-01,5.207731e-01,-7.160995e-01,-1.345144e+00,-4.680525e-01
1.697044e-01,8.458065e-01,1.002397e+00,9.642623e-01,-3.316111e-01,-1.110596e-01,-5.977623e-01,-7.444409e-01,1.172014e-01,-9.119362e-01,4.008302e-01,-1.031355e+00,-2.728191e-01,-3.580106e-01,-4.912912e-01,-5.682963e-01,-5.417351e-01,-5.861205e-01,3.785356e-01,2.487832e-01,-2.625930e-01,-2.763099e-01,-3.183747e-01,-2.989995e-01,-1.351642e-01,-1.262489e-01,5.821890e-02,-7.688154e-01,-9.906903e-01,-1.822966e-01
-4.997735e-01,-3.250768e-01,-4.681256e-01,-4.686903e-01,-3.574654e-01,-1.111283e-01,-1.147188e+00,-1.287034e+00,-9.872203e-02,3.952896e-02,6.527034e-02,5.465849e-01,-4.898680e-01,-2.911188e-01,1.967735e-01,-3.656853e-01,1.257778e-01,-3.667238e-01,4.662024e-01,8.764872e-01,-3.425825e-01,-2.531236e-01,-4.159604e-01,-3.037886e-01,-1.351642e-01,-1.262489e-01,-1.692495e-01,-7.694767e-01,-1.496984e+00,-3.325975e-01
-2.168009e-01,-3.235602e-02,8.028998e-02,1.216472e-01,-2.977443e-01,-1.107317e-01,-9.059887e-01,-3.393123e-01,-4.821662e-01,-8.990225e-01,8.314362e-01,-7.441657e-01,-4.961988e-01,-3.622236e-01,-5.073532e-02,-4.568706e-01,-1.097183e-01,-4.739712e-01,-3.799355e-01,2.168955e+00,-4.779459e-02,-2.760582e-01,-1.879346e-01,-2.934748e-01,-1.351642e-01,-1.262489e-01,1.161016e+00,-5.817294e-01,-2.276398e+00,-2.896198e-01
-2.777909e-01,4.555120e-01,2.035076e-01,1.790065e-01,-3.999180e-01,-1.112658e-01,-4.164416e-01,-8.071556e-01,5.502125e-01,-9.303009e-01,-3.137065e-02,-5.985275e-01,-2.210477e-01,-3.301030e-01,-7.717573e-01,-5.896712e-01,-8.458804e-01,-6.172025e-01,-4.739482e-01,1.146457e-01,-6.323547e-01,-2.931924e-01,-5.993340e-01,-3.120585e-01,-1.351642e-01,-1.262489e-01,-3.445297e-01,-7.011227e-01,-5.578574e-01,-3.016480e-01
3.220036e-01,4.067252e-01,7.100090e-01,7.322893e-01,-2.178360e-01,-1.107333e-01,-4.830686e-01,-9.112355e-01,-1.884117e+00,-1.594980e-01,1.549303e+00,-8.460716e-01,-1.390214e-01,-3.342327e-01,-2.510673e-01,-4.868355e-01,-2.417968e-01,-5.024921e-01,1.750000e-01,8.303095e-01,6.816610e-01,-1.744726e-01,9.121538e-02,-2.833506e-01,-1.351642e-01,-1.262489e-01,6.628520e-01,-6.648343e-01,-1.450550e+00,-3.105263e-01
